id,id2,oldid,vcfid,A,state,gencoveid,projid
Z18,Z18,Z18,Z18,0.098447,AZ,f89c071d-e660-4f90-bc9a-abc49ec08764,16b0cba9-1e82-4991-ab65-a42e0e4fd3dc
SM4,SM4,SM4,SM4,0.399534,AZ,007a4b0c-a33e-4380-b9e1-a9dae86ca1fd,16b0cba9-1e82-4991-ab65-a42e0e4fd3dc
M2,M2,M2,M2,0.465819,AZ,42c4d237-0206-4765-96ee-a3f93a427ae4,16b0cba9-1e82-4991-ab65-a42e0e4fd3dc
J5,J5,J5,J5,0.475793,AZ,859f0772-f218-420f-bfca-b833658814c0,16b0cba9-1e82-4991-ab65-a42e0e4fd3dc
D7-S,D7,D7-S,D7-S,0.601396,AZ,aebcb457-028d-4c6d-aa8c-8f5b1e6990a4,16b0cba9-1e82-4991-ab65-a42e0e4fd3dc
E4OG,E4OG,E4OG,E4OG,0.609633,AZ,fe1e6201-1943-42e3-a8ef-be25f95ed91e,16b0cba9-1e82-4991-ab65-a42e0e4fd3dc
L6,L6,L6,L6,0.63125,AZ,2d37c9ec-8310-483e-8b93-131dcb81a971,16b0cba9-1e82-4991-ab65-a42e0e4fd3dc
z-G10,z-G10,G10,G10,0.632188,AZ,0ab487c0-1fc8-4dae-868a-00d071a5a0e7,16b0cba9-1e82-4991-ab65-a42e0e4fd3dc
A6,A6,A6,A6,0.633181,AZ,baa02067-ca8a-4335-ac3f-af35712e13f6,16b0cba9-1e82-4991-ab65-a42e0e4fd3dc
A8,A8,A8,A8,0.642885,AZ,55a59459-aab0-4b39-9e8d-a55775aae290,16b0cba9-1e82-4991-ab65-a42e0e4fd3dc
F2,F2,F2,F2,0.643824,AZ,160d9d31-d1da-4c29-ba2e-5527addb8303,16b0cba9-1e82-4991-ab65-a42e0e4fd3dc
L5,L5,L5,L5,0.644009,AZ,4608f24d-3206-4587-b072-19dc8344dfe2,16b0cba9-1e82-4991-ab65-a42e0e4fd3dc
SM5,SM5,SM5,SM5,0.645473,AZ,0ddee6e3-1f0a-4687-9960-ae7e4a72ebc5,16b0cba9-1e82-4991-ab65-a42e0e4fd3dc
J7,J7,J7,J7,0.646532,AZ,f18f5c84-5628-463c-ae67-b3d05bb40559,16b0cba9-1e82-4991-ab65-a42e0e4fd3dc
A21,A21,A21,A21,0.652433,AZ,ed41738a-363e-4b15-95fe-cd37b61cf822,16b0cba9-1e82-4991-ab65-a42e0e4fd3dc
SM3,SM3,SM3,SM3,0.65611,AZ,5e71cf63-b37b-490a-8c97-0f0f55f12e7c,16b0cba9-1e82-4991-ab65-a42e0e4fd3dc
H3,H3,H3,H3,0.656966,AZ,7ffb0620-df19-4475-a22c-3ee1f730d569,16b0cba9-1e82-4991-ab65-a42e0e4fd3dc
A28,A28,A28,A28,0.659325,AZ,c78d1fa6-8c67-44e7-b0fd-d4ab4b25e898,16b0cba9-1e82-4991-ab65-a42e0e4fd3dc
D7,D7,D7,D7,0.660768,AZ,d8db7543-9208-4656-8867-22d7d8960220,16b0cba9-1e82-4991-ab65-a42e0e4fd3dc
A22,A22,A22,A22,0.668668,AZ,3d73f8a4-5031-4bdf-bb72-b0c599b470f5,16b0cba9-1e82-4991-ab65-a42e0e4fd3dc
E20,E20,E20,E20,0.670105,AZ,6e67eb44-231b-47ca-8d5b-3c228e2aff33,16b0cba9-1e82-4991-ab65-a42e0e4fd3dc
D8,D8,D8,D8,0.671438,AZ,e2676561-29f6-4bb0-8686-3918644ca1e9,16b0cba9-1e82-4991-ab65-a42e0e4fd3dc
J6,J6,J6,J6,0.673589,AZ,92bf918f-f09f-47c8-bbfb-5a0d7e249331,16b0cba9-1e82-4991-ab65-a42e0e4fd3dc
G5,G5,G5,G5,0.674515,AZ,523782d4-2781-41aa-b9e7-11dcd342918e,16b0cba9-1e82-4991-ab65-a42e0e4fd3dc
H3-S,H3,H3-S,H3-S,0.675489,AZ,79e9484d-470e-4e1c-8344-d5caf866e8d2,16b0cba9-1e82-4991-ab65-a42e0e4fd3dc
A26,A26,A26,A26,0.680236,AZ,70717f52-39cc-4156-874c-372fecdb53e0,16b0cba9-1e82-4991-ab65-a42e0e4fd3dc
E8,E8,E8,E8,0.680529,AZ,550e862b-b4f9-478d-8afb-7c9740d8201d,16b0cba9-1e82-4991-ab65-a42e0e4fd3dc
F9,F9,F9,F9,0.682714,AZ,06172700-de80-4d92-a6a3-ffd1c2f9e0bb,16b0cba9-1e82-4991-ab65-a42e0e4fd3dc
D5,D5,D5,D5,0.682738,AZ,f8d92497-375f-4294-abb2-24bada7df6fb,16b0cba9-1e82-4991-ab65-a42e0e4fd3dc
C9,C9,C9,C9,0.685204,AZ,a07aa503-cc79-46e0-802f-3e745077e535,16b0cba9-1e82-4991-ab65-a42e0e4fd3dc
E21,E21,E21,E21,0.688225,AZ,78d3ae44-08af-40c5-8b86-bed16078d7b7,16b0cba9-1e82-4991-ab65-a42e0e4fd3dc
A1,A1,A1,A1,0.692056,AZ,e7fdee8e-3550-4141-a526-117939bbb806,16b0cba9-1e82-4991-ab65-a42e0e4fd3dc
I3,I3,I3,I3,0.692394,AZ,dd87e3c6-97bb-4a5d-bd54-d0c4ec7b505b,16b0cba9-1e82-4991-ab65-a42e0e4fd3dc
D6-OG,D6-OG,D6-OG,D6-OG,0.692689,AZ,3d74358b-45c4-4255-9f75-2a2cb7b4f6e1,16b0cba9-1e82-4991-ab65-a42e0e4fd3dc
D4,D4,D4,D4,0.696718,AZ,981f2ae9-bcf4-4b5a-8030-159a118e128e,16b0cba9-1e82-4991-ab65-a42e0e4fd3dc
J4,J4,J4,J4,0.69875,AZ,ad3f7b2b-d984-4768-a1b2-6b6fd4eb2e08,16b0cba9-1e82-4991-ab65-a42e0e4fd3dc
L1,L1,L1,L1,0.703354,AZ,ba991068-7253-407a-926d-c2bc526bdf55,16b0cba9-1e82-4991-ab65-a42e0e4fd3dc
A21b,A21b,A21b,A21b,0.707159,AZ,24de17be-4dac-4b54-9557-6670cd82c8a2,16b0cba9-1e82-4991-ab65-a42e0e4fd3dc
A12,A12,A12,A12,0.721921,AZ,17146e0d-51ca-4fa0-99c1-5e53c5fcfa7b,16b0cba9-1e82-4991-ab65-a42e0e4fd3dc
A3,A3,A3,A3,0.729425,AZ,77ed9011-c0f6-4689-85ed-916d45a9678b,16b0cba9-1e82-4991-ab65-a42e0e4fd3dc
M0171-02-05112022-04203,M0171-02-05112022-04203,172280D,M0171-02-05112022-04203,1e-05,FL,43a517a1-bdd3-48a1-a4fd-ed51639b2ae8,ceff7dd9-3732-41c4-b870-237342349749
M0223-01-06292022-05993,M0223-01-06292022-05993,172287D,M0223-01-06292022-05993,1e-05,FL,6ac2f253-2754-4176-82be-49622bb0ecc9,ceff7dd9-3732-41c4-b870-237342349749
M0186-01-05262022-04793,M0186-01-05262022-04793,29-HB,29-HB,1e-05,FL,5c6920f7-ed19-40d6-9de1-8efca284e1a9,ceff7dd9-3732-41c4-b870-237342349749
M0222-01-06282022-05919,M0222-01-06282022-05919,32-HB,32-HB,1e-05,FL,671fb323-24b3-42c9-8c87-e0f1bc787dca,ceff7dd9-3732-41c4-b870-237342349749
M0130-01-04052022-02797,M0130-01-04052022-02797,17-HB,17-HB,0.004567,FL,a05b6233-5b2b-4169-aea0-400cb765cd2e,ceff7dd9-3732-41c4-b870-237342349749
MAN-055-07-08-21,MAN-055-07-08-21,43-HB,43-HB,0.00595,FL,1afbd53f-cd0f-4a90-9270-87e1f9ddd9eb,ceff7dd9-3732-41c4-b870-237342349749
M0073-01-03092022-01953,M0073-01-03092022-01953,9-HB,9-HB,0.031686,FL,46f34540-48fb-42df-ab3e-ef8eb9a36aad,ceff7dd9-3732-41c4-b870-237342349749
M0057-01-03072022-01844,M0057-01-03072022-01844,7-HB,7-HB,0.038484,FL,9df9064d-94aa-42a4-bed3-d0f92b6f07d4,ceff7dd9-3732-41c4-b870-237342349749
M0146-01-04202022-03409,M0146-01-04202022-03409,19-HB,19-HB,0.046103,FL,480730d7-dcd4-4b06-ae4a-eef57d37e4f6,ceff7dd9-3732-41c4-b870-237342349749
M0031-01-02162022-01249,M0031-01-02162022-01249,172257D,M0031-01-02162022-01249,0.057738,FL,946ad0a5-59a2-49af-a750-d3497c4e383f,ceff7dd9-3732-41c4-b870-237342349749
M0045-01-02282022-01616,M0045-01-02282022-01616,172261D,M0045-01-02282022-01616,0.070152,FL,7404a5bd-151e-4bf4-981c-8bba9aa5c4d4,ceff7dd9-3732-41c4-b870-237342349749
M0040-01-02222022-01457,M0040-01-02222022-01457,172262D,M0040-01-02222022-01457,0.070474,FL,d3f7091c-f046-4c23-ac59-4fbf003775f5,ceff7dd9-3732-41c4-b870-237342349749
M0101-01-03172022-02242,M0101-01-03172022-02242,172270D,M0101-01-03172022-02242,0.090179,FL,47d38f5a-f20a-4d87-82d5-56bd51622373,ceff7dd9-3732-41c4-b870-237342349749
M0070-01-03092022-01932,M0070-01-03092022-01932,8-HB,8-HB,0.092823,FL,ce94ddc6-86fb-4297-8d7d-9817c56a0256,ceff7dd9-3732-41c4-b870-237342349749
M0024-01-02092022-01057,M0024-01-02092022-01057,1-HB,1-HB,0.094011,FL,522fcafb-99dd-4f6d-90b2-81cbe98f3f0a,ceff7dd9-3732-41c4-b870-237342349749
MAN-049-06-15-21,MAN-049-06-15-21,42-HB,42-HB,0.101983,FL,6ca6d54e-2b2e-46c9-9b62-f88b154abd06,ceff7dd9-3732-41c4-b870-237342349749
M0100-01-03172022-02239,M0100-01-03172022-02239,12-HB,12-HB,0.106323,FL,6e8137b4-54d2-40d1-8907-93fa59274571,ceff7dd9-3732-41c4-b870-237342349749
M0159-01-04262022-03706,M0159-01-04262022-03706,172275D,M0159-01-04262022-03706,0.12364,FL,4dc36008-f337-4719-a188-42610840c919,ceff7dd9-3732-41c4-b870-237342349749
M0197-01-06072022-05145,M0197-01-06072022-05145,30-HB,30-HB,0.131819,FL,cbbd9574-edee-4db3-bec3-87ada79322b7,ceff7dd9-3732-41c4-b870-237342349749
M0172-01-05112022-04207,M0172-01-05112022-04207,23-HB,23-HB,0.142709,FL,8ef4c922-c1c8-4016-aed9-b407ccb82c8e,ceff7dd9-3732-41c4-b870-237342349749
MAN-058-07-09-21,MAN-058-07-09-21,172295D,MAN-058-07-09-21,0.158267,FL,7d404ce2-002e-4207-92aa-764ec3c77bbe,ceff7dd9-3732-41c4-b870-237342349749
M0119-01-03292022-02586,M0119-01-03292022-02586,16-HB,16-HB,0.197278,FL,c57d3522-de10-442d-b128-6349a46132b4,ceff7dd9-3732-41c4-b870-237342349749
M0118-01-03292022-02585,M0118-01-03292022-02585,15-HB,15-HB,0.208598,FL,087be2fa-64e6-4f78-95e1-74b7d16cf9cf,ceff7dd9-3732-41c4-b870-237342349749
M0077-01-03092022-01966,M0077-01-03092022-01966,172265D,M0077-01-03092022-01966,0.209963,FL,7f4b88aa-9210-4354-8473-321956b911a4,ceff7dd9-3732-41c4-b870-237342349749
M0147-01-04202022-03418,M0147-01-04202022-03418,20-HB,20-HB,0.219559,FL,150041df-4fd9-49cf-9a72-ef5cbefe0cf2,ceff7dd9-3732-41c4-b870-237342349749
M0181-02-05192022-04493,M0181-02-05192022-04493,28-HB,28-HB,0.224038,FL,c7c49ae9-8e26-4b15-aded-2e86388a5734,ceff7dd9-3732-41c4-b870-237342349749
10142021-8478,10142021-8478,10142021-8478,10142021-8478,0.242701,FL,07918b50-e0fd-4b21-9f69-3de47e9a54df,ceff7dd9-3732-41c4-b870-237342349749
M0160-01-04272022-03758,M0160-01-04272022-03758,22-HB,22-HB,0.253584,FL,846d7443-abce-43d8-8682-792aa8d79eb0,ceff7dd9-3732-41c4-b870-237342349749
10212021-4274,10212021-4274,36-HB,36-HB,0.26411,FL,c2cb52a4-fd22-40fa-b2b4-868fb4036af9,ceff7dd9-3732-41c4-b870-237342349749
M0033-01-02172022-01335,M0033-01-02172022-01335,172260D,M0033-01-02172022-01335,0.266059,FL,9d6adda5-af7d-4fcf-b9ee-7a9b2cd77c98,ceff7dd9-3732-41c4-b870-237342349749
M0142-01-04142022-03225,M0142-01-04142022-03225,M0142-1-4142022-3225,M0142-1-4142022-3225,0.274751,FL,b3a96dbf-2f21-4da8-a7a0-1338b42b81e8,ceff7dd9-3732-41c4-b870-237342349749
M0230-01-07062022-06162,M0230-01-07062022-06162,M0230-1-7062022-6162,M0230-1-7062022-6162,0.280457,FL,bfa6f298-292f-4cda-bef5-acc719709ab9,ceff7dd9-3732-41c4-b870-237342349749
M0181-01-05192022-04493,M0181-01-05192022-04493,172281D,M0181-01-05192022-04493,0.280841,FL,27108dc3-fec5-40f9-b753-b7f8280a3fb2,ceff7dd9-3732-41c4-b870-237342349749
M0104-01-03182022-02288,M0104-01-03182022-02288,172269D,M0104-01-03182022-02288,0.288145,FL,a8ceff49-578d-48ac-bbc1-94ef65ed9701,ceff7dd9-3732-41c4-b870-237342349749
M0180-02-05192022-04492,M0180-02-05192022-04492,172282D,M0180-02-05192022-04492,0.288186,FL,ad7013f7-c93d-44c6-a787-bef93795b65c,ceff7dd9-3732-41c4-b870-237342349749
M0088-01-03142022-02076,M0088-01-03142022-02076,172268D,M0088-01-03142022-02076,0.294512,FL,c60ae9b3-4b17-4bbb-8ecb-92019014a066,ceff7dd9-3732-41c4-b870-237342349749
10062021-7408,10062021-7408,38-HB,38-HB,0.328792,FL,f54e0a8c-465c-46f2-b062-f4df20c15de5,ceff7dd9-3732-41c4-b870-237342349749
11152021-2556,11152021-2556,172290D,11152021-2556,0.328946,FL,d87f18ec-c0d8-427f-ba2c-157a16af6692,ceff7dd9-3732-41c4-b870-237342349749
M0211-01-06212022-05685,M0211-01-06212022-05685,172285D,M0211-01-06212022-05685,0.337068,FL,22c52dca-9b7d-4a1b-8a30-b3105c335ab3,ceff7dd9-3732-41c4-b870-237342349749
MAN-035-04-06-21,MAN-035-04-06-21,MAN-35-4-6-21,MAN-35-4-6-21,0.338368,FL,bd71f0a5-6dc9-4e85-bb38-ab4ff6b6c633,ceff7dd9-3732-41c4-b870-237342349749
MAN-048-06-16-21,MAN-048-06-16-21,41-HB,41-HB,0.343439,FL,82883f91-e607-43a7-8a41-ec98505a1d87,ceff7dd9-3732-41c4-b870-237342349749
M0038-01-02212022-01432,M0038-01-02212022-01432,4-HB,4-HB,0.347868,FL,da81a0ca-b1fd-483b-a3fe-e925735e8073,ceff7dd9-3732-41c4-b870-237342349749
10272021-6961,10272021-6961,172292D,10272021-6961,0.361571,FL,548e1449-61fd-4a9a-b7ee-5a505f04de45,ceff7dd9-3732-41c4-b870-237342349749
M0180-01-05192022-04492,M0180-01-05192022-04492,25-HB,25-HB,0.367955,FL,993f4b5b-6fec-4ebc-bd36-8a9bffa1b861,ceff7dd9-3732-41c4-b870-237342349749
Mounds_2,Mounds,173354D,173354D,1e-05,IN,4f79c457-c593-4088-9bdf-e3c90019a9d4,fb7724e2-2191-4084-be6e-5ee124245744
Shades_2,Shades,173359D,173359D,1e-05,IN,227c0047-2160-4483-928d-2ee1f166fbf0,fb7724e2-2191-4084-be6e-5ee124245744
Ferdinand_3,Ferdinand,173383D,173383D,1e-05,IN,82ab34e4-7ddb-40b1-9640-2ce6fc08fac8,fb7724e2-2191-4084-be6e-5ee124245744
Selmier_4,Selmier,173393D,173393D,1e-05,IN,2a44138d-af72-4706-8446-967bc968f15d,fb7724e2-2191-4084-be6e-5ee124245744
Selmier_3,Selmier,173395D,173395D,1e-05,IN,708f2256-8550-41f9-ba27-3296f92a48a2,fb7724e2-2191-4084-be6e-5ee124245744
Selmier_2,Selmier,173397D,173397D,1e-05,IN,e33ec7b3-de45-41a2-9b2b-c7cf4692ba53,fb7724e2-2191-4084-be6e-5ee124245744
Tippecanoe River_1,Tippecanoe River,173398D,173398D,1e-05,IN,b7d94389-29e8-4a96-932f-449bf6aa00bc,fb7724e2-2191-4084-be6e-5ee124245744
49_2021Q115_3,49_2021Q115,173430D,173430D,1e-05,IN,fde21c7f-c803-442b-a544-cd47f79c1ec2,fb7724e2-2191-4084-be6e-5ee124245744
Cataracts_1,Cataracts,173435D,173435D,1e-05,IN,b6dce2d3-e531-4dfe-bfd7-bc951989ab89,fb7724e2-2191-4084-be6e-5ee124245744
49_2021Q115_2,49_2021Q115,173449D,173449D,1e-05,IN,1a90626e-147f-488a-8a6c-ec6e1a8164ef,fb7724e2-2191-4084-be6e-5ee124245744
49_2021Q115_1,49_2021Q115,173451D,173451D,1e-05,IN,21e92c01-0c49-46f5-bbc4-c7ed418d39bd,fb7724e2-2191-4084-be6e-5ee124245744
63_2021Q61_5,63_2021Q61,173470D,173470D,1e-05,IN,b12125d7-d144-446c-9171-44c1853b616b,fb7724e2-2191-4084-be6e-5ee124245744
6_2020Q5_1,6_2020Q5,173480D,173480D,1e-05,IN,1ad27523-d0c6-442f-982f-3475e6c46d2b,fb7724e2-2191-4084-be6e-5ee124245744
6_2020Q5_4,6_2020Q5,173484D,173484D,1e-05,IN,e083a8d6-8270-4d6c-8005-84b0f24b634e,fb7724e2-2191-4084-be6e-5ee124245744
20_2020Q19_1,20_2020Q19,173486D,173486D,1e-05,IN,3eb4dd8c-4c88-4175-a10b-d221ed9facd2,fb7724e2-2191-4084-be6e-5ee124245744
20_2020Q19_3,20_2020Q19,173487D,173487D,1e-05,IN,c8f68629-7e44-437b-b652-82d644c17df0,fb7724e2-2191-4084-be6e-5ee124245744
20_2020Q19_2,20_2020Q19,173488D,173488D,1e-05,IN,8273f70a-04e6-448f-ad72-ef9af04e105c,fb7724e2-2191-4084-be6e-5ee124245744
20_2020Q19_5,20_2020Q19,173492D,173492D,1e-05,IN,323c66c8-9abe-44ab-a7d7-f1c24bbfb295,fb7724e2-2191-4084-be6e-5ee124245744
8_2020Q7_2,8_2020Q7,173496D,173496D,1e-05,IN,b5c8fb68-ca03-4b46-a248-e463a1f58504,fb7724e2-2191-4084-be6e-5ee124245744
8_2020Q7_3,8_2020Q7,173500D,173500D,1e-05,IN,270feed5-a088-4c80-8fed-660e0bf806ba,fb7724e2-2191-4084-be6e-5ee124245744
8_2020Q7_5,8_2020Q7,173504D,173504D,1e-05,IN,ae3ec4c1-b3b7-4b55-9f90-ad6077b73d90,fb7724e2-2191-4084-be6e-5ee124245744
Versailles_4,Versailles,173508D,173508D,1e-05,IN,bcfdbbcd-6f10-4f54-a5b1-9dc2ce862190,fb7724e2-2191-4084-be6e-5ee124245744
Versailles_2,Versailles,173512D,173512D,1e-05,IN,e0a4d108-47c5-4357-a2f6-5263ce3d4165,fb7724e2-2191-4084-be6e-5ee124245744
Versailles_1,Versailles,173514D,173514D,1e-05,IN,7ef5295b-e55f-41a4-9d4c-96cbdb09e861,fb7724e2-2191-4084-be6e-5ee124245744
Brown 39.1648312_2,Brown 39.1648312,173545D,173545D,1e-05,IN,32501d16-2f5e-4794-b8e1-c0f05b4d462e,fb7724e2-2191-4084-be6e-5ee124245744
Brown 39.1648312_1,Brown 39.1648312,173546D,173546D,1e-05,IN,e0096c81-145d-4cdd-ab15-cca52041aec3,fb7724e2-2191-4084-be6e-5ee124245744
Starve Hollow_2,Starve Hollow,173520D,173520D,6.4e-05,IN,9f409cb2-2a29-4958-a40d-52d90a501b79,fb7724e2-2191-4084-be6e-5ee124245744
63_2021Q61_1,63_2021Q61,173471D,173471D,0.000138,IN,c08ddaeb-2d1b-4e72-a393-6705ec2bee3e,fb7724e2-2191-4084-be6e-5ee124245744
6_2020Q5_2,6_2020Q5,173481D,173481D,0.000488,IN,57c9ff6e-c5d8-4f59-a4a3-4a83f1c7dc96,fb7724e2-2191-4084-be6e-5ee124245744
Brown 39.1623424_2,Brown 39.1623424,173549D,173549D,0.001058,IN,0814d2be-8e57-419b-9b7d-07966dda2b43,fb7724e2-2191-4084-be6e-5ee124245744
Mounds_1,Mounds,173352D,173352D,0.001413,IN,32689548-0854-463d-822d-5db7f05b27ed,fb7724e2-2191-4084-be6e-5ee124245744
Falls Ohio_5,Falls Ohio,173507D,173507D,0.001881,IN,cafed333-9a7d-4bcc-958f-042764fa339b,fb7724e2-2191-4084-be6e-5ee124245744
Brown 39.1648312_4,Brown 39.1648312,173547D,173547D,0.001903,IN,efacaa68-8ea0-4ec6-b400-4c061661a04e,fb7724e2-2191-4084-be6e-5ee124245744
Brown 39.1766629_1,Brown 39.1766629,173536D,173536D,0.001962,IN,3a302b3e-a46d-4b1d-a8e0-eccf6c2754db,fb7724e2-2191-4084-be6e-5ee124245744
Ferdinand_2,Ferdinand,173381D,173381D,0.00282,IN,e9207b1f-c3a2-40bc-b46d-16e076a51438,fb7724e2-2191-4084-be6e-5ee124245744
Charlestown_6,Charlestown,173538D,173538D,0.002865,IN,5b5ca817-d799-4ff4-a519-4b8e4ab7f9d1,fb7724e2-2191-4084-be6e-5ee124245744
Harmonie_1,Harmonie,173394D,173394D,0.003133,IN,d7c39df6-4b9c-4319-a712-fdbe9f8997ae,fb7724e2-2191-4084-be6e-5ee124245744
8_2020Q7_1,8_2020Q7,173494D,173494D,0.00342,IN,cce76ab2-3058-4fae-9e9b-2974cdcb6cef,fb7724e2-2191-4084-be6e-5ee124245744
20_2020Q19_4,20_2020Q19,173490D,173490D,0.003902,IN,8f13c2ee-622d-4e39-80ee-e60b4ac718c9,fb7724e2-2191-4084-be6e-5ee124245744
Clifty Falls_2,Clifty Falls,173501D,173501D,0.003996,IN,e48d3009-ea02-41f9-a9da-341511611397,fb7724e2-2191-4084-be6e-5ee124245744
11_2020Q10_1,11_2020Q10,173530D,173530D,0.004096,IN,bbdbc9f2-fd4e-4383-8501-9239d59542f1,fb7724e2-2191-4084-be6e-5ee124245744
11_2020Q10_2,11_2020Q10,173528D,173528D,0.004202,IN,a6df6725-9e94-4cf7-94f3-bc88b176dab4,fb7724e2-2191-4084-be6e-5ee124245744
14_2020Q13_3,14_2020Q13,173477D,173477D,0.004304,IN,e28d4953-c7f4-4708-be09-d93886282353,fb7724e2-2191-4084-be6e-5ee124245744
Turkey Run_1,Turkey Run,173380D,173380D,0.004342,IN,cb6141dd-c50d-4b9a-8a1a-a2ece99b740a,fb7724e2-2191-4084-be6e-5ee124245744
Harmonie_5,Harmonie,173390D,173390D,0.00443,IN,3803c4fc-3b08-46e7-bb05-6a912cee5c26,fb7724e2-2191-4084-be6e-5ee124245744
6_2020Q5_5,6_2020Q5,173485D,173485D,0.004645,IN,c3087a5d-015f-4d3e-892f-8d143ca8c0db,fb7724e2-2191-4084-be6e-5ee124245744
Harrison_1,Harrison,173388D,173388D,0.004684,IN,31fa0060-ee84-4e77-870d-4e4302553ee2,fb7724e2-2191-4084-be6e-5ee124245744
Potato_4,Potato,173402D,173402D,0.004818,IN,4b3eaa49-5466-4328-b0f8-dc16576e2e56,fb7724e2-2191-4084-be6e-5ee124245744
Falls Ohio_4,Falls Ohio,173509D,173509D,0.004981,IN,21d88776-e416-4eec-bf2d-5f5cf4526c3b,fb7724e2-2191-4084-be6e-5ee124245744
Harrison_5,Harrison,173384D,173384D,0.005617,IN,316a4fc9-0a02-458a-8113-81b4b95a366c,fb7724e2-2191-4084-be6e-5ee124245744
11_2020Q10_5,11_2020Q10,173523D,173523D,0.006176,IN,6103d9f5-60b9-46d7-8f35-3d4ce37d4196,fb7724e2-2191-4084-be6e-5ee124245744
Brown 39.1648312_5,Brown 39.1648312,173550D,173550D,0.006595,IN,bc74b4ad-bf7f-4ae5-be3e-014a20eba3b6,fb7724e2-2191-4084-be6e-5ee124245744
34_2020Q33_5,34_2020Q33,173498D,173498D,0.00705,IN,454f6e96-2dc9-4e84-bade-8a5c1897b9a1,fb7724e2-2191-4084-be6e-5ee124245744
11_2020Q10_3,11_2020Q10,173526D,173526D,0.007123,IN,e2bf0aff-87e0-4bd4-ab18-03ee79d854d1,fb7724e2-2191-4084-be6e-5ee124245744
8_2020Q7_4,8_2020Q7,173502D,173502D,0.007385,IN,46997aa6-ee1d-49b5-9b17-5f246a8e2750,fb7724e2-2191-4084-be6e-5ee124245744
6_2020Q5_3,6_2020Q5,173482D,173482D,0.007718,IN,f446674c-436c-44af-b580-64a945b7968a,fb7724e2-2191-4084-be6e-5ee124245744
Charlestown_5,Charlestown,173537D,173537D,0.008391,IN,977282c3-8b09-4972-ab54-310b6fa2398a,fb7724e2-2191-4084-be6e-5ee124245744
63_2021Q61_3,63_2021Q61,173474D,173474D,0.008853,IN,f725523b-52bf-4533-8322-4bc59d10251c,fb7724e2-2191-4084-be6e-5ee124245744
Mounds_4,Mounds,173358D,173358D,0.008991,IN,1db4b353-e9fe-4351-8f73-e942550f641f,fb7724e2-2191-4084-be6e-5ee124245744
Turkey Run_2,Turkey Run,173378D,173378D,0.009119,IN,efb93cc9-7adf-447b-a3ad-7650cc1cfd42,fb7724e2-2191-4084-be6e-5ee124245744
63_2021Q61_4,63_2021Q61,173472D,173472D,0.009567,IN,6f481b54-b01c-4a1f-9821-a38b9b06affb,fb7724e2-2191-4084-be6e-5ee124245744
Ouabache_2,Ouabache,173543D,173543D,0.00979,IN,dcf92d28-2fec-45fe-bad0-17d12caa1151,fb7724e2-2191-4084-be6e-5ee124245744
Starve Hollow_3,Starve Hollow,173518D,173518D,0.009985,IN,2bbd20c6-a74f-4750-8b90-9e1dd0a42d38,fb7724e2-2191-4084-be6e-5ee124245744
11_2020Q10_4,11_2020Q10,173524D,173524D,0.009998,IN,9e090ba9-19db-4928-8406-aa579b160ae1,fb7724e2-2191-4084-be6e-5ee124245744
49_2021Q115_4,49_2021Q115,173433D,173433D,0.010043,IN,f0c70051-5820-4b38-9149-9d1ccf2845aa,fb7724e2-2191-4084-be6e-5ee124245744
Yellowwood_2,Yellowwood,173515D,173515D,0.011301,IN,f881edb1-679f-4f3b-aa2d-6535e318750b,fb7724e2-2191-4084-be6e-5ee124245744
Selmier_1,Selmier,173399D,173399D,0.011501,IN,84e5b7e8-e072-4a7c-99f5-9db61331b293,fb7724e2-2191-4084-be6e-5ee124245744
Versailles_5,Versailles,173506D,173506D,0.011564,IN,cefcbd5a-4744-4304-8d22-303cf08a1052,fb7724e2-2191-4084-be6e-5ee124245744
Mounds_5,Mounds,173357D,173357D,0.01302,IN,4f04d0c5-a520-4e6f-8107-ba29040f8e7f,fb7724e2-2191-4084-be6e-5ee124245744
Harrison_2,Harrison,173386D,173386D,0.013509,IN,bfb16e50-fa15-4b89-b9b4-ef2754eb4350,fb7724e2-2191-4084-be6e-5ee124245744
Brown 39.1623424_1,Brown 39.1623424,173552D,173552D,0.013688,IN,bafe34b9-ba22-4995-b619-6c95d120d967,fb7724e2-2191-4084-be6e-5ee124245744
Brown 39.1648312_3,Brown 39.1648312,173548D,173548D,0.014055,IN,e6b97ac6-3ebd-4ef8-bc91-405cc189cc8a,fb7724e2-2191-4084-be6e-5ee124245744
Harrison_4,Harrison,173385D,173385D,0.014061,IN,7b37029b-77f1-4279-b701-9d6303be5061,fb7724e2-2191-4084-be6e-5ee124245744
Ferdinand_1,Ferdinand,173382D,173382D,0.014276,IN,0d3ee2d2-9013-4ccc-98b9-541986bf3b26,fb7724e2-2191-4084-be6e-5ee124245744
49_2021Q115_5,49_2021Q115,173469D,173469D,0.014339,IN,aebde2ac-5fdb-4886-aa51-ecd3e93686e6,fb7724e2-2191-4084-be6e-5ee124245744
Starve Hollow_5,Starve Hollow,173516D,173516D,0.014821,IN,13a9f8d6-a1c8-4d77-bbba-10c6f0a1a9eb,fb7724e2-2191-4084-be6e-5ee124245744
Charlestown_3,Charlestown,173533D,173533D,0.015112,IN,468db2a0-0f84-4493-8b28-4cc641a7f785,fb7724e2-2191-4084-be6e-5ee124245744
Falls Ohio_1,Falls Ohio,173521D,173521D,0.015151,IN,fac2e936-6ac1-4c54-9408-449ff0f29bdc,fb7724e2-2191-4084-be6e-5ee124245744
63_2021Q61_2,63_2021Q61,173473D,173473D,0.015473,IN,cec334e7-f5f3-4cbf-8fc3-168d63e95e71,fb7724e2-2191-4084-be6e-5ee124245744
Falls Ohio_2,Falls Ohio,173513D,173513D,0.01723,IN,8d07a377-c377-452c-a301-47adbe650bbf,fb7724e2-2191-4084-be6e-5ee124245744
34_2020Q33_4,34_2020Q33,173495D,173495D,0.017312,IN,cb10353c-46d3-4eae-a3c2-a02956923f06,fb7724e2-2191-4084-be6e-5ee124245744
Tippecanoe River_2,Tippecanoe River,173396D,173396D,0.017911,IN,eee6b14d-228c-40a9-8145-61188b1f43f0,fb7724e2-2191-4084-be6e-5ee124245744
Ouabache_1,Ouabache,173544D,173544D,0.018258,IN,822a1e03-3540-4bb4-a357-55049513fc17,fb7724e2-2191-4084-be6e-5ee124245744
34_2020Q33_1,34_2020Q33,173489D,173489D,0.018405,IN,11754695-3803-4a6b-9f04-e958355b75e3,fb7724e2-2191-4084-be6e-5ee124245744
14_2020Q13_2,14_2020Q13,173476D,173476D,0.01884,IN,76ca58b0-5d4c-46ad-952a-3b79ab28f40f,fb7724e2-2191-4084-be6e-5ee124245744
IN23KF04,IN23KF04,IN23KF04,IN23KF04,0.0189,IN,ee662464-4eda-4e53-a8f6-35e48469979d,bd07d13d-dec6-4482-b7e7-2cd7788315e7
Starve Hollow_4,Starve Hollow,173517D,173517D,0.018974,IN,a7e00399-a138-4f58-88d6-282e11301ae8,fb7724e2-2191-4084-be6e-5ee124245744
Harmonie_2,Harmonie,173392D,173392D,0.019793,IN,6ca2ab67-17a5-4fbc-9b8c-3ad8e230404d,fb7724e2-2191-4084-be6e-5ee124245744
Starve Hollow_1,Starve Hollow,173522D,173522D,0.02014,IN,bbdf36bf-3c5e-412d-9683-bbd91973ee3a,fb7724e2-2191-4084-be6e-5ee124245744
Charlestown_2,Charlestown,173532D,173532D,0.020532,IN,bbb2bc2e-2cbf-4f7d-a059-18c5c7fccd03,fb7724e2-2191-4084-be6e-5ee124245744
Harrison_3,Harrison,173387D,173387D,0.02184,IN,8cb2f30f-74ef-4710-9489-00a29864d663,fb7724e2-2191-4084-be6e-5ee124245744
Mounds_3,Mounds,173356D,173356D,0.022876,IN,f6fb26f6-487d-46eb-8bee-a3e945ef1559,fb7724e2-2191-4084-be6e-5ee124245744
IN23KF01,IN23KF01,IN23KF01,IN23KF01,0.023015,IN,7bb0e1cc-b318-4cf4-9885-30bb900ae874,bd07d13d-dec6-4482-b7e7-2cd7788315e7
Harmonie_4,Harmonie,173389D,173389D,0.024267,IN,eae0bf6f-de2a-407e-9ed2-04af94c32210,fb7724e2-2191-4084-be6e-5ee124245744
Brown 39.1766629_5,Brown 39.1766629,173542D,173542D,0.025582,IN,be31288e-94b4-43c6-997c-44d1e24bc220,fb7724e2-2191-4084-be6e-5ee124245744
Clifty Falls_3,Clifty Falls,173503D,173503D,0.025638,IN,ae4b730c-9d23-46c9-bade-f953978ab3d9,fb7724e2-2191-4084-be6e-5ee124245744
Falls Ohio_3,Falls Ohio,173511D,173511D,0.025776,IN,259ec63c-3b93-4251-98bb-5f3841529b34,fb7724e2-2191-4084-be6e-5ee124245744
Clifty Falls_4,Clifty Falls,173499D,173499D,0.026073,IN,8d93987b-1626-437f-8fc7-04ff1376465c,fb7724e2-2191-4084-be6e-5ee124245744
14_2020Q13_5,14_2020Q13,173479D,173479D,0.029726,IN,fbe5a9ff-703d-4399-a93c-b7c9dc556b79,fb7724e2-2191-4084-be6e-5ee124245744
34_2020Q33_3,34_2020Q33,173493D,173493D,0.029875,IN,967bed3a-9e17-4b87-9d3d-3afae4e7c269,fb7724e2-2191-4084-be6e-5ee124245744
Versailles_3,Versailles,173510D,173510D,0.029889,IN,dbc7f496-22d8-4830-b1cc-324ff95afe8f,fb7724e2-2191-4084-be6e-5ee124245744
Potato_1,Potato,173404D,173404D,0.035619,IN,efbfb49b-9540-4da5-b3fd-72e3560bd370,fb7724e2-2191-4084-be6e-5ee124245744
IN23KF02,IN23KF02,IN23KF02,IN23KF02,0.035746,IN,20775d06-dfe3-4de6-9aeb-9ac4ad7cafd2,bd07d13d-dec6-4482-b7e7-2cd7788315e7
14_2020Q13_1,14_2020Q13,173475D,173475D,0.038105,IN,9e3ff1cb-da04-4c7b-acc1-0709028f1812,fb7724e2-2191-4084-be6e-5ee124245744
Potato_3,Potato,173401D,173401D,0.039403,IN,a1345dfa-71e4-4a65-b031-dac75ddd80eb,fb7724e2-2191-4084-be6e-5ee124245744
14_2020Q13_4,14_2020Q13,173478D,173478D,0.040178,IN,18efbf69-e7b8-4b4e-991a-66c16f8437d8,fb7724e2-2191-4084-be6e-5ee124245744
Charlestown_4,Charlestown,173535D,173535D,0.040438,IN,b472f793-d7fd-42a5-a0c9-26d1dd2beb2c,fb7724e2-2191-4084-be6e-5ee124245744
IN23KF03,IN23KF03,IN23KF03,IN23KF03,0.040965,IN,f0cfa6f7-15dc-4967-a1dc-f29b735c672c,bd07d13d-dec6-4482-b7e7-2cd7788315e7
34_2020Q33_2,34_2020Q33,173491D,173491D,0.041232,IN,f16052ee-c83c-435b-8187-c701b4f50927,fb7724e2-2191-4084-be6e-5ee124245744
Charlestown_1,Charlestown,173531D,173531D,0.045391,IN,cc06930b-d3b2-45fe-9d55-2ebe2ea164e4,fb7724e2-2191-4084-be6e-5ee124245744
Clifty Falls_1,Clifty Falls,173483D,173483D,0.056919,IN,45917e94-3e05-454a-b5b1-8fe15dcd3c98,fb7724e2-2191-4084-be6e-5ee124245744
Potato_5,Potato,173400D,173400D,0.062537,IN,9b98fe06-9c9f-414c-9374-decdf2cc6258,fb7724e2-2191-4084-be6e-5ee124245744
00502Q,00502Q,00502Q,00502Q,0.074739,IN,7a713ed2-3517-4e28-9f60-d71a12f39fa2,035e939a-269a-46c1-8c6d-c83a1f3cbb1f
Cataracts_2,Cataracts,173437D,173437D,0.077926,IN,26bf6332-02ae-4c63-8ab6-0b8dfcad2425,fb7724e2-2191-4084-be6e-5ee124245744
Potato_2,Potato,173403D,173403D,0.119987,IN,5b83fc35-a833-4956-835b-b69bd015b09b,fb7724e2-2191-4084-be6e-5ee124245744
C2021-06-004,C2021-06-004,C2021-6-4,C2021-6-4,0.110574,Jamaica,14a96bb7-6bad-4cd6-84b5-f40882f658ff,ceff7dd9-3732-41c4-b870-237342349749
C2021-06-028,C2021-06-028,C2021-6-28,C2021-6-28,0.181088,Jamaica,5a57d051-dcfa-42b8-aedc-501f622f36bb,ceff7dd9-3732-41c4-b870-237342349749
C2021-06-013,C2021-06-013,C2021-6-13,C2021-6-13,0.249147,Jamaica,3d0d6ede-fe2d-486b-bb7d-19dda1fb3925,ceff7dd9-3732-41c4-b870-237342349749
C2021-06-016,C2021-06-016,C2021-6-16,C2021-6-16,0.256332,Jamaica,1f38a64f-fb24-4208-815e-d0969bce846b,ceff7dd9-3732-41c4-b870-237342349749
C2021-06-001,C2021-06-001,C2021-6-1,C2021-6-1,0.260506,Jamaica,200c1734-e9e1-4677-90ef-562c358c9d0b,ceff7dd9-3732-41c4-b870-237342349749
C2021-06-017,C2021-06-017,C2021-6-17,C2021-6-17,0.282846,Jamaica,f6ad3b92-9db3-4b42-8195-e633322ef218,ceff7dd9-3732-41c4-b870-237342349749
F2-SK,F2-SK,F2-SK,F2-SK,0.018177,NM,6bee66c3-75c5-4354-bac4-dfbcf8051586,16b0cba9-1e82-4991-ab65-a42e0e4fd3dc
Z1-SK,Z1-SK,Z1-SK,Z1-SK,0.023729,NM,cc0b4d50-bd15-4e0b-8750-31da418f1247,16b0cba9-1e82-4991-ab65-a42e0e4fd3dc
P1,P1,P1,P1,0.031288,NM,eefd5ac3-4c11-4373-9f21-6aa809a8bcc0,16b0cba9-1e82-4991-ab65-a42e0e4fd3dc
Z11,Z11,Z11,Z11,0.103935,NM,52cff2e6-120a-408b-a805-829f26a17389,16b0cba9-1e82-4991-ab65-a42e0e4fd3dc
Z6,Z6,Z6,Z6,0.106329,NM,23b0c550-2166-498f-95d9-2ff5f1e46538,16b0cba9-1e82-4991-ab65-a42e0e4fd3dc
Z7,Z7,Z7,Z7,0.112773,NM,4b503002-1dc5-454c-9551-ee742a11955d,16b0cba9-1e82-4991-ab65-a42e0e4fd3dc
Z14,Z14,Z14,Z14,0.113035,NM,b57719a2-11e1-4839-9543-472bfb4d7227,16b0cba9-1e82-4991-ab65-a42e0e4fd3dc
Z12,Z12,Z12,Z12,0.115611,NM,dc8fd16a-d514-4a5d-b5b5-bd6026f5c373,16b0cba9-1e82-4991-ab65-a42e0e4fd3dc
Z3,Z3,Z3,Z3,0.142471,NM,c0c7e73c-59c9-4528-b33d-c101bcef619d,16b0cba9-1e82-4991-ab65-a42e0e4fd3dc
Z23,Z23,Z23,Z23,0.413938,NM,cad797a4-dcf5-4970-8739-1d8979a9f994,16b0cba9-1e82-4991-ab65-a42e0e4fd3dc
PA2_1,PA2,171273D,171273D,1e-05,PA,50ebcd02-cb0e-4d2b-9f4d-9ffa887d02df,fb7724e2-2191-4084-be6e-5ee124245744
PA8_5,PA8,171276D,171276D,1e-05,PA,bda7230c-e9ff-4a81-8223-b6c13ee212f2,fb7724e2-2191-4084-be6e-5ee124245744
PA9_1,PA9,171293D,171293D,1e-05,PA,3d1c90d2-f633-45db-8ab8-ee5bc5165962,fb7724e2-2191-4084-be6e-5ee124245744
CarnsA10-2-39809398,CarnsA10-2-39809398,CarnsA10-2-39809398,CarnsA10-2-39809398,1e-05,PA,9a7ec966-d484-4286-8674-12f2a6f97d37,035e939a-269a-46c1-8c6d-c83a1f3cbb1f
CarnsA2-1-39809373,CarnsA2-1-39809373,CarnsA2-1-39809373,CarnsA2-1-39809373,1e-05,PA,312406de-c76b-42b7-9d20-657f38b3bcf0,035e939a-269a-46c1-8c6d-c83a1f3cbb1f
CarnsNA-3-39809369,CarnsNA-3-39809369,CarnsNA-3-39809369,CarnsNA-3-39809369,1e-05,PA,8f76a07c-05a5-4bfa-b592-106d15e49006,035e939a-269a-46c1-8c6d-c83a1f3cbb1f
GriffinA-1-39809415,GriffinA-1-39809415,GriffinA-1-39809415,GriffinA-1-39809415,1e-05,PA,06f332d8-d85a-49a2-9948-6bf202bcdbec,035e939a-269a-46c1-8c6d-c83a1f3cbb1f
WKS1-NA-2,WKS1-NA,WKS1-NA-2,WKS1-NA-2,1e-05,PA,dce4ceab-679c-439f-8510-31e08ddb0eea,035e939a-269a-46c1-8c6d-c83a1f3cbb1f
WKS3-NA-2,WKS3-NA,WKS3-NA-2,WKS3-NA-2,1e-05,PA,110850eb-8d3e-4e73-8fe9-946a59a17c62,035e939a-269a-46c1-8c6d-c83a1f3cbb1f
CarnsNA-1-39809367,CarnsNA-1-39809367,CarnsNA-1-39809367,CarnsNA-1-39809367,0.001595,PA,fc171815-df3e-462a-a169-5eda5244fac0,035e939a-269a-46c1-8c6d-c83a1f3cbb1f
CarnsA1-2-39809371,CarnsA1-2-39809371,CarnsA1-2-39809371,CarnsA1-2-39809371,0.001968,PA,8564a02a-a0a5-45e4-bc59-6ce844de1dfb,035e939a-269a-46c1-8c6d-c83a1f3cbb1f
WKS1-NA-3,WKS1-NA,WKS1-NA-3,WKS1-NA-3,0.002075,PA,e08e60b9-df3e-4096-b7dd-1817d81a01f3,035e939a-269a-46c1-8c6d-c83a1f3cbb1f
CarnsA7-3-39809390,CarnsA7-3-39809390,CarnsA7-3-39809390,CarnsA7-3-39809390,0.002792,PA,87cea6fe-a171-4394-9920-1dc871870c86,035e939a-269a-46c1-8c6d-c83a1f3cbb1f
Korte-A-1,Korte-A,Korte-A-1,Korte-A-1,0.003366,PA,97062206-f9b8-4acf-a434-12d6266ca62f,035e939a-269a-46c1-8c6d-c83a1f3cbb1f
CarnsA4-2-39809380,CarnsA4-2-39809380,CarnsA4-2-39809380,CarnsA4-2-39809380,0.004801,PA,c0c2e317-e0f2-4090-b621-9a9025ec5515,035e939a-269a-46c1-8c6d-c83a1f3cbb1f
WKS4-A-2,WKS4-A,WKS4-A-2,WKS4-A-2,0.004874,PA,f2f91d5d-d3ab-4ecb-a5a1-e16c8d5444c0,035e939a-269a-46c1-8c6d-c83a1f3cbb1f
Y57_1,Y57,173343D,173343D,0.004964,PA,30d09035-fcf6-4270-ab54-c38de24e8d9f,fb7724e2-2191-4084-be6e-5ee124245744
PA6_4,PA6,173331D,173331D,0.005107,PA,13b4728c-5fdd-42b7-8f74-d0d81285d4eb,fb7724e2-2191-4084-be6e-5ee124245744
PA2_2,PA2,171271D,171271D,0.005683,PA,72c7c929-430d-4863-b657-869e2d7bf57e,fb7724e2-2191-4084-be6e-5ee124245744
W26_4,W26,171259D,171259D,0.005717,PA,399b7763-7c7c-4f81-ba2e-056e81e84b0c,fb7724e2-2191-4084-be6e-5ee124245744
PA2_3,PA2,171270D,171270D,0.006001,PA,93a11b3a-c9fd-4748-be7d-7762b49a5a7e,fb7724e2-2191-4084-be6e-5ee124245744
BL_5,BL,173427D,173427D,0.006738,PA,5b8cab50-9e9b-4810-9223-0097c3532114,fb7724e2-2191-4084-be6e-5ee124245744
Y57_A,Y57,173436D,173436D,0.006816,PA,46e916ad-a3ff-4cd7-8ce8-3673f1a50e86,fb7724e2-2191-4084-be6e-5ee124245744
WKS4-A-1,WKS4-A,WKS4-A-1,WKS4-A-1,0.006958,PA,8e033ea6-e036-4e9a-946b-e19619dfa74f,035e939a-269a-46c1-8c6d-c83a1f3cbb1f
WKS4-A-3,WKS4-A,WKS4-A-3,WKS4-A-3,0.007314,PA,b55cf594-830c-4eee-a7dc-512d1ce98630,035e939a-269a-46c1-8c6d-c83a1f3cbb1f
CarnsA11-3-39809402,CarnsA11-3-39809402,CarnsA11-3-39809402,CarnsA11-3-39809402,0.008349,PA,c4d7a52a-2149-4e00-aa7c-8e2146ce7211,035e939a-269a-46c1-8c6d-c83a1f3cbb1f
CarnsA4-3-39809381,CarnsA4-3-39809381,CarnsA4-3-39809381,CarnsA4-3-39809381,0.008356,PA,df0e7725-35c5-43a9-9fc9-3c8d660b6f5b,035e939a-269a-46c1-8c6d-c83a1f3cbb1f
WKS2-A-3,WKS2-A,WKS2-A-3,WKS2-A-3,0.008419,PA,01b05c8d-e047-4ad0-88a4-7953d755c211,035e939a-269a-46c1-8c6d-c83a1f3cbb1f
BL_3,BL,173432D,173432D,0.008816,PA,f139db5d-33e1-4ac6-8b9c-aa5be712866a,fb7724e2-2191-4084-be6e-5ee124245744
BL_2,BL,173431D,173431D,0.00919,PA,c1f4dc35-8901-477e-bfbe-c318cfca9cd5,fb7724e2-2191-4084-be6e-5ee124245744
WKS5-A-3,WKS5-A,WKS5-A-3,WKS5-A-3,0.009632,PA,764adbd9-6a30-4586-ba69-38f774223bb2,035e939a-269a-46c1-8c6d-c83a1f3cbb1f
CarnsA6-2-39809386,CarnsA6-2-39809386,CarnsA6-2-39809386,CarnsA6-2-39809386,0.009995,PA,33198bfc-a758-4fcb-ac9a-511e6275ac44,035e939a-269a-46c1-8c6d-c83a1f3cbb1f
W34_1,W34,173405D,173405D,0.01037,PA,d0101e5e-b03c-42ef-acd7-b3578e23a446,fb7724e2-2191-4084-be6e-5ee124245744
PA8_3,PA8,171278D,171278D,0.010445,PA,ed708731-5d77-4119-9052-14db6782166a,fb7724e2-2191-4084-be6e-5ee124245744
CarnsA14-2-39809410,CarnsA14-2-39809410,CarnsA14-2-39809410,CarnsA14-2-39809410,0.011199,PA,787da673-08c1-4e94-9648-cffdbbe0d211,035e939a-269a-46c1-8c6d-c83a1f3cbb1f
BL_4,BL,173429D,173429D,0.011263,PA,354745fd-1840-4f7a-9dca-80478bb95cb5,fb7724e2-2191-4084-be6e-5ee124245744
Y57_4,Y57,173339D,173339D,0.011473,PA,cbbc575b-a8b9-495b-9682-c5ad13f98d84,fb7724e2-2191-4084-be6e-5ee124245744
W34_5,W34,173413D,173413D,0.012459,PA,7524ecd0-8e00-4b14-9de5-78d0dc61520a,fb7724e2-2191-4084-be6e-5ee124245744
Y57_B,Y57,173438D,173438D,0.012475,PA,f1b658b9-86cf-4cb3-89c2-7d996e628482,fb7724e2-2191-4084-be6e-5ee124245744
Y57_D,Y57,173439D,173439D,0.013267,PA,bcc76b11-7015-46af-bce6-4030deb58ee5,fb7724e2-2191-4084-be6e-5ee124245744
CarnsA7-2-39809389,CarnsA7-2-39809389,CarnsA7-2-39809389,CarnsA7-2-39809389,0.013994,PA,6fd6e414-d31e-4962-ab0b-f404b88ef59a,035e939a-269a-46c1-8c6d-c83a1f3cbb1f
Bonn-NA-3,Bonn-NA,Bonn-NA-3,Bonn-NA-3,0.014184,PA,dd13a371-9268-423f-aa02-f84e458aa8c0,035e939a-269a-46c1-8c6d-c83a1f3cbb1f
CarnsA1-1-39809370,CarnsA1-1-39809370,CarnsA1-1-39809370,CarnsA1-1-39809370,0.014448,PA,85d64a15-6618-467c-acc5-7201af6e67f3,035e939a-269a-46c1-8c6d-c83a1f3cbb1f
Y57_E,Y57,173442D,173442D,0.016169,PA,b803375b-5252-484d-90a8-7a770c99d5dc,fb7724e2-2191-4084-be6e-5ee124245744
CarnsA9-3-39809396,CarnsA9-3-39809396,CarnsA9-3-39809396,CarnsA9-3-39809396,0.016776,PA,21efde9a-b978-4acd-b192-cc9035c398d5,035e939a-269a-46c1-8c6d-c83a1f3cbb1f
CarnsA8-3-39809393,CarnsA8-3-39809393,CarnsA8-3-39809393,CarnsA8-3-39809393,0.016882,PA,2696384a-c397-4d1c-b4e0-f7e3bd62b096,035e939a-269a-46c1-8c6d-c83a1f3cbb1f
WKS2-A-1,WKS2-A,WKS2-A-1,WKS2-A-1,0.017205,PA,aafaaca2-0f65-4c17-a0e4-0eb331a10105,035e939a-269a-46c1-8c6d-c83a1f3cbb1f
CarnsA2-3-39809375,CarnsA2-3-39809375,CarnsA2-3-39809375,CarnsA2-3-39809375,0.017277,PA,08749359-f00a-4bc3-ad8a-55b24281e274,035e939a-269a-46c1-8c6d-c83a1f3cbb1f
BL_1,BL,173434D,173434D,0.018196,PA,37a6c1f4-39eb-45cb-964b-7a295eadb64a,fb7724e2-2191-4084-be6e-5ee124245744
CarnsA3-2-39809377,CarnsA3-2-39809377,CarnsA3-2-39809377,CarnsA3-2-39809377,0.018562,PA,49d493de-8676-4cb6-accb-12dfe26eddb6,035e939a-269a-46c1-8c6d-c83a1f3cbb1f
Y57_5,Y57,173337D,173337D,0.018757,PA,cd8cbbe9-9fcf-437b-95c1-6f293e8d5bb1,fb7724e2-2191-4084-be6e-5ee124245744
CarnsA6-1-39809385,CarnsA6-1-39809385,CarnsA6-1-39809385,CarnsA6-1-39809385,0.020059,PA,0fd3e50f-561d-44e8-a8dc-67f04b24e7fd,035e939a-269a-46c1-8c6d-c83a1f3cbb1f
Wheel-NA-1,Wheel-NA,Wheel-NA-1,Wheel-NA-1,0.020472,PA,77860997-d65f-4d23-b121-e5a72a934c17,035e939a-269a-46c1-8c6d-c83a1f3cbb1f
WKS1-NA-1,WKS1-NA,WKS1-NA-1,WKS1-NA-1,0.020607,PA,2774a496-979b-48b2-8c88-5ab3af4810ae,035e939a-269a-46c1-8c6d-c83a1f3cbb1f
CarnsA14-1-39809409,CarnsA14-1-39809409,CarnsA14-1-39809409,CarnsA14-1-39809409,0.020662,PA,d5a59e78-f5d3-49cc-bef1-d7a75bbcf519,035e939a-269a-46c1-8c6d-c83a1f3cbb1f
CarnsNA-2-39809368,CarnsNA-2-39809368,CarnsNA-2-39809368,CarnsNA-2-39809368,0.021485,PA,48ba9751-7779-4371-bdf7-f8cf2492d881,035e939a-269a-46c1-8c6d-c83a1f3cbb1f
Y57_2,Y57,173345D,173345D,0.021933,PA,f59b6ea7-ea53-4c81-bf22-d3ec0add926c,fb7724e2-2191-4084-be6e-5ee124245744
W26_5,W26,171260D,171260D,0.022164,PA,74068e54-09dd-4e9f-a8ab-ec8afe1f8f6b,fb7724e2-2191-4084-be6e-5ee124245744
GriffinA-2-39809416,GriffinA-2-39809416,GriffinA-2-39809416,GriffinA-2-39809416,0.022433,PA,4f4d3b5d-e47c-4c62-87df-0cdbcf38d038,035e939a-269a-46c1-8c6d-c83a1f3cbb1f
GriffinA-3-39809417,GriffinA-3-39809417,GriffinA-3-39809417,GriffinA-3-39809417,0.022689,PA,8143f515-4f6c-4c8f-bb92-ae46f5183db8,035e939a-269a-46c1-8c6d-c83a1f3cbb1f
CarnsA9-1-39809394,CarnsA9-1-39809394,CarnsA9-1-39809394,CarnsA9-1-39809394,0.023992,PA,abc27c38-721c-4ba2-9952-5eae6ed7422a,035e939a-269a-46c1-8c6d-c83a1f3cbb1f
Wheel-A-2,Wheel-A,Wheel-A-2,Wheel-A-2,0.024213,PA,e93bc850-c9b7-4b6c-b50a-c685a20dd4f5,035e939a-269a-46c1-8c6d-c83a1f3cbb1f
W26_2,W26,171263D,171263D,0.024464,PA,9f3ecf2d-e959-46b6-aed8-e096893b0cd7,fb7724e2-2191-4084-be6e-5ee124245744
CarnsA12-3-39809405,CarnsA12-3-39809405,CarnsA12-3-39809405,CarnsA12-3-39809405,0.025137,PA,b9c83622-bde7-4555-a7d8-c117157b57a1,035e939a-269a-46c1-8c6d-c83a1f3cbb1f
Wheel-A-3,Wheel-A,Wheel-A-3,Wheel-A-3,0.025137,PA,e33233b0-77e3-4f53-bcab-4ce368853dd2,035e939a-269a-46c1-8c6d-c83a1f3cbb1f
Wheel-A-1,Wheel-A,Wheel-A-1,Wheel-A-1,0.025454,PA,9a0b0525-c1ac-47cf-86ae-d28449d4df98,035e939a-269a-46c1-8c6d-c83a1f3cbb1f
RL5_3,RL5,173322D,173322D,0.025618,PA,ac8a61dd-ae96-4bd4-a24c-2233deeffaf2,fb7724e2-2191-4084-be6e-5ee124245744
CarnsA9-2-39809395,CarnsA9-2-39809395,CarnsA9-2-39809395,CarnsA9-2-39809395,0.025717,PA,c9ce6f8d-5864-4e48-be56-a1c0c1e1bb60,035e939a-269a-46c1-8c6d-c83a1f3cbb1f
CarnsA14-3-39809411,CarnsA14-3-39809411,CarnsA14-3-39809411,CarnsA14-3-39809411,0.025789,PA,0d11023a-f864-4e51-bd57-f25c049aac52,035e939a-269a-46c1-8c6d-c83a1f3cbb1f
CarnsA10-3-39809399,CarnsA10-3-39809399,CarnsA10-3-39809399,CarnsA10-3-39809399,0.025877,PA,0944cb14-b644-4c3e-859c-f1ccf722d807,035e939a-269a-46c1-8c6d-c83a1f3cbb1f
W26_3,W26,171261D,171261D,0.026836,PA,6e23a7f2-5468-4ced-989c-d0c56cc2cdf7,fb7724e2-2191-4084-be6e-5ee124245744
CarnsA7-1-39809388,CarnsA7-1-39809388,CarnsA7-1-39809388,CarnsA7-1-39809388,0.027005,PA,07be3591-a518-4399-a703-b37a716ecc9a,035e939a-269a-46c1-8c6d-c83a1f3cbb1f
W26_1,W26,171262D,171262D,0.027256,PA,4736f08e-c5eb-4ded-88bb-946fab2fe81d,fb7724e2-2191-4084-be6e-5ee124245744
CarnsA2-2-39809374,CarnsA2-2-39809374,CarnsA2-2-39809374,CarnsA2-2-39809374,0.027886,PA,b6cdbb2b-d17e-44fb-a68a-9c05c65f813b,035e939a-269a-46c1-8c6d-c83a1f3cbb1f
WKS3-NA-1,WKS3-NA,WKS3-NA-1,WKS3-NA-1,0.02876,PA,63575be0-37a5-497a-88f3-0b7c2d9f727c,035e939a-269a-46c1-8c6d-c83a1f3cbb1f
CarnsA15-2-39809413,CarnsA15-2-39809413,CarnsA15-2-39809413,CarnsA15-2-39809413,0.029229,PA,148501c5-c805-4864-be2f-e8daa0b61946,035e939a-269a-46c1-8c6d-c83a1f3cbb1f
Y57_C,Y57,173440D,173440D,0.029532,PA,3e2536f1-6b1b-41c9-9b5e-43e383a38f6b,fb7724e2-2191-4084-be6e-5ee124245744
PA6_5,PA6,173333D,173333D,0.030129,PA,ae549a0f-cdf8-492b-be8a-7554da0c7295,fb7724e2-2191-4084-be6e-5ee124245744
CarnsA4-1-39809379,CarnsA4-1-39809379,CarnsA4-1-39809379,CarnsA4-1-39809379,0.030443,PA,7e1b18a9-54c8-485d-85de-b99ce47f284a,035e939a-269a-46c1-8c6d-c83a1f3cbb1f
Jen3-5-4-A-1,Jen3-5-4-A,Jen3-5-4-A-1,Jen3-5-4-A-1,0.030459,PA,28e19c34-2122-4e74-9b6e-e7eec8dbcabb,035e939a-269a-46c1-8c6d-c83a1f3cbb1f
WKS5-NA-2,WKS5-NA,WKS5-NA-2,WKS5-NA-2,0.031012,PA,b2f54f20-091c-4504-995a-6768b4de7f3b,035e939a-269a-46c1-8c6d-c83a1f3cbb1f
W34_2,W34,173407D,173407D,0.03165,PA,b642bfe6-082e-43ac-8a81-b0fda9afcc0c,fb7724e2-2191-4084-be6e-5ee124245744
PA9_5,PA9,171289D,171289D,0.032201,PA,af13432d-6ca0-4121-9c0c-54db13a36065,fb7724e2-2191-4084-be6e-5ee124245744
PA9_4,PA9,171290D,171290D,0.03283,PA,e1a9294c-cf87-4321-8541-dcbd581fb393,fb7724e2-2191-4084-be6e-5ee124245744
PA6_2,PA6,173334D,173334D,0.033477,PA,9655fdec-9bbf-4c88-b72f-3903edcbc76d,fb7724e2-2191-4084-be6e-5ee124245744
CarnsA6-3-39809387,CarnsA6-3-39809387,CarnsA6-3-39809387,CarnsA6-3-39809387,0.033609,PA,fb371a57-94a6-4924-8160-8227867009bf,035e939a-269a-46c1-8c6d-c83a1f3cbb1f
WKS5-NA-1,WKS5-NA,WKS5-NA-1,WKS5-NA-1,0.03374,PA,0b160023-507e-4cc7-a51f-ed903edc1a83,035e939a-269a-46c1-8c6d-c83a1f3cbb1f
CarnsA11-1-39809400,CarnsA11-1-39809400,CarnsA11-1-39809400,CarnsA11-1-39809400,0.035511,PA,c1dbe9eb-55ea-4a85-b8d6-25190e3f650c,035e939a-269a-46c1-8c6d-c83a1f3cbb1f
Jen3-Em-NA-3,Jen3-Em-NA,Jen3-Em-NA-3,Jen3-Em-NA-3,0.036704,PA,03e557e3-be47-4d1e-931b-6f5b60c7382d,035e939a-269a-46c1-8c6d-c83a1f3cbb1f
CarnsA3-3-39809378,CarnsA3-3-39809378,CarnsA3-3-39809378,CarnsA3-3-39809378,0.036792,PA,0d901183-c7a4-44cf-8988-b7e1581b61d4,035e939a-269a-46c1-8c6d-c83a1f3cbb1f
CarnsA12-2-39809404,CarnsA12-2-39809404,CarnsA12-2-39809404,CarnsA12-2-39809404,0.037069,PA,345dc023-7c63-432f-86fc-83919885ace7,035e939a-269a-46c1-8c6d-c83a1f3cbb1f
CarnsA12-1-39809403,CarnsA12-1-39809403,CarnsA12-1-39809403,CarnsA12-1-39809403,0.037286,PA,b4c616fe-e467-40bd-a6db-28bdcb2a08c4,035e939a-269a-46c1-8c6d-c83a1f3cbb1f
FR1-Chen-A-3,FR1-Chen-A,FR1-Chen-A-3,FR1-Chen-A-3,0.038133,PA,476645b5-e26b-4dd4-9082-5236d00e55cf,035e939a-269a-46c1-8c6d-c83a1f3cbb1f
PA9_3,PA9,171291D,171291D,0.038275,PA,a730f1cb-18bf-4bd9-89c9-85b96152e44c,fb7724e2-2191-4084-be6e-5ee124245744
RL2_1,RL2,173346D,173346D,0.038381,PA,4513562e-349e-4779-9d7a-de44432de1f8,fb7724e2-2191-4084-be6e-5ee124245744
Jen3-5-4-NA-1,Jen3-5-4-NA,Jen3-5-4-NA-1,Jen3-5-4-NA-1,0.038678,PA,18d5fa5d-afb1-4198-919b-0e042952eab6,035e939a-269a-46c1-8c6d-c83a1f3cbb1f
RL3_3,RL3,173316D,173316D,0.038855,PA,803ef3f7-aa24-45d8-b5d4-e4a7d7009f60,fb7724e2-2191-4084-be6e-5ee124245744
PA2_4,PA2,171272D,171272D,0.039082,PA,a612f3e3-6c85-42e7-9fa7-018132bef8c1,fb7724e2-2191-4084-be6e-5ee124245744
CarnsA8-2-39809392,CarnsA8-2-39809392,CarnsA8-2-39809392,CarnsA8-2-39809392,0.040525,PA,6051c051-aa94-468b-ae3c-a0b3f14186b1,035e939a-269a-46c1-8c6d-c83a1f3cbb1f
AIR1-NA-2,AIR1-NA,AIR1-NA-2,AIR1-NA-2,0.043572,PA,ec68ef84-6b79-41f3-af80-c923918ea145,035e939a-269a-46c1-8c6d-c83a1f3cbb1f
PA6_3,PA6,173332D,173332D,0.044106,PA,e824af4b-05e8-4299-a215-d44a0904c10a,fb7724e2-2191-4084-be6e-5ee124245744
Hart-A-3,Hart-A,Hart-A-3,Hart-A-3,0.044171,PA,3447f735-3ea4-4b19-ba2c-24b06819c84f,035e939a-269a-46c1-8c6d-c83a1f3cbb1f
RL2_4,RL2,173340D,173340D,0.044193,PA,52fd8eac-3466-485f-a04c-02e43c49d7e6,fb7724e2-2191-4084-be6e-5ee124245744
CarnsA11-2-39809401,CarnsA11-2-39809401,CarnsA11-2-39809401,CarnsA11-2-39809401,0.046117,PA,e7816703-93a8-4f45-9400-171765ec94ae,035e939a-269a-46c1-8c6d-c83a1f3cbb1f
W34_4,W34,173411D,173411D,0.046362,PA,81cc7ec2-1dcc-4297-9c7c-326f7b549bee,fb7724e2-2191-4084-be6e-5ee124245744
CarnsA5-3-39809384,CarnsA5-3-39809384,CarnsA5-3-39809384,CarnsA5-3-39809384,0.046752,PA,5e062b74-d1a6-477b-9c63-d87f4607ef25,035e939a-269a-46c1-8c6d-c83a1f3cbb1f
CarnsA15-1-39809412,CarnsA15-1-39809412,CarnsA15-1-39809412,CarnsA15-1-39809412,0.046911,PA,5b9ca621-3266-4a83-b5fd-ba1995b547bc,035e939a-269a-46c1-8c6d-c83a1f3cbb1f
CarnsA8-1-39809391,CarnsA8-1-39809391,CarnsA8-1-39809391,CarnsA8-1-39809391,0.046965,PA,8783fee2-cf1c-491a-9b13-9eb428023ee1,035e939a-269a-46c1-8c6d-c83a1f3cbb1f
CarnsA13-2-39809407,CarnsA13-2-39809407,CarnsA13-2-39809407,CarnsA13-2-39809407,0.048666,PA,9e193eeb-969e-4f25-8a69-1715ab771f07,035e939a-269a-46c1-8c6d-c83a1f3cbb1f
PA6_1,PA6,173336D,173336D,0.049467,PA,146ee404-5865-4c49-94c1-7353b9cd75d9,fb7724e2-2191-4084-be6e-5ee124245744
Y57_3,Y57,173341D,173341D,0.049599,PA,29918da4-4528-4fff-ad99-ea16df8cc896,fb7724e2-2191-4084-be6e-5ee124245744
Korte-A-2,Korte-A,Korte-A-2,Korte-A-2,0.050257,PA,d5693ffa-a403-4e73-a07e-ffb13abcb513,035e939a-269a-46c1-8c6d-c83a1f3cbb1f
CarnsA10-1-39809397,CarnsA10-1-39809397,CarnsA10-1-39809397,CarnsA10-1-39809397,0.051502,PA,49a06661-8392-426c-bd45-a4801d68cee2,035e939a-269a-46c1-8c6d-c83a1f3cbb1f
Korte-NA-3,Korte-NA,Korte-NA-3,Korte-NA-3,0.051997,PA,8f330c88-60b6-491d-a9c3-878bb47957b0,035e939a-269a-46c1-8c6d-c83a1f3cbb1f
WKS2-A-2,WKS2-A,WKS2-A-2,WKS2-A-2,0.052495,PA,7c56ff01-6623-4958-a24a-fc49120d7531,035e939a-269a-46c1-8c6d-c83a1f3cbb1f
MD3_3,MD3,173311D,173311D,0.052868,PA,dabdfa75-fc2d-4466-bb41-304d6c1751b4,fb7724e2-2191-4084-be6e-5ee124245744
PA8_4,PA8,171275D,171275D,0.0534,PA,f959f63e-2beb-43f8-8cf9-93189d218dfe,fb7724e2-2191-4084-be6e-5ee124245744
CarnsA5-2-39809383,CarnsA5-2-39809383,CarnsA5-2-39809383,CarnsA5-2-39809383,0.053542,PA,c42be57e-7248-427b-a35e-7ea7ec1cddf2,035e939a-269a-46c1-8c6d-c83a1f3cbb1f
CarnsA5-1-39809382,CarnsA5-1-39809382,CarnsA5-1-39809382,CarnsA5-1-39809382,0.05366,PA,d45c44a9-22f4-498a-b2e0-14272b4552b5,035e939a-269a-46c1-8c6d-c83a1f3cbb1f
Jen3-5-4-NA-2,Jen3-5-4-NA,Jen3-5-4-NA-2,Jen3-5-4-NA-2,0.054246,PA,8409e39f-a660-40c4-90f1-1cc2318b4aca,035e939a-269a-46c1-8c6d-c83a1f3cbb1f
CarnsA3-1-39809376,CarnsA3-1-39809376,CarnsA3-1-39809376,CarnsA3-1-39809376,0.05479,PA,96faac9b-87fa-4a29-a0aa-4b9cd1faca86,035e939a-269a-46c1-8c6d-c83a1f3cbb1f
WKS5-A-1,WKS5-A,WKS5-A-1,WKS5-A-1,0.054891,PA,cc443abd-7d78-44aa-b0d8-c83453c14f60,035e939a-269a-46c1-8c6d-c83a1f3cbb1f
CarnsA1-3-39809372,CarnsA1-3-39809372,CarnsA1-3-39809372,CarnsA1-3-39809372,0.054999,PA,d8e1ff0d-8856-447a-b4b6-36cba3c33178,035e939a-269a-46c1-8c6d-c83a1f3cbb1f
PA2_5,PA2,171269D,171269D,0.055523,PA,470bba02-8652-4e0d-bddd-eb0431dd3739,fb7724e2-2191-4084-be6e-5ee124245744
CarnsA13-3-39809408,CarnsA13-3-39809408,CarnsA13-3-39809408,CarnsA13-3-39809408,0.055915,PA,54a705b8-d371-4e4e-be82-5a1e27b1d766,035e939a-269a-46c1-8c6d-c83a1f3cbb1f
PA8_2,PA8,171274D,171274D,0.057506,PA,9d8f8c4c-7fd5-4c7d-b631-c7c492f273a3,fb7724e2-2191-4084-be6e-5ee124245744
Jen3-Em-A-1,Jen3-Em-A,Jen3-Em-A-1,Jen3-Em-A-1,0.057908,PA,f2b1c453-c0fa-47e9-a29a-839c6acf4802,035e939a-269a-46c1-8c6d-c83a1f3cbb1f
PA8_1,PA8,171277D,171277D,0.057972,PA,0563ab67-0004-4c5f-b75d-e48aa0a625b8,fb7724e2-2191-4084-be6e-5ee124245744
RL1_2,RL1,171299D,171299D,0.058824,PA,59ea5450-1591-4590-bd3a-cb7caf229f1a,fb7724e2-2191-4084-be6e-5ee124245744
WKS5-A-2,WKS5-A,WKS5-A-2,WKS5-A-2,0.058919,PA,5b034f69-a293-433d-b271-a1bfbb13465a,035e939a-269a-46c1-8c6d-c83a1f3cbb1f
CarnsA15-3-39809414,CarnsA15-3-39809414,CarnsA15-3-39809414,CarnsA15-3-39809414,0.059733,PA,c97a5882-37a6-4a71-96fc-2f2165487765,035e939a-269a-46c1-8c6d-c83a1f3cbb1f
FR1-Chen-A-2,FR1-Chen-A,FR1-Chen-A-2,FR1-Chen-A-2,0.060555,PA,c6ada7c3-2522-488a-b322-31e8fc5dec3d,035e939a-269a-46c1-8c6d-c83a1f3cbb1f
Jen3-5-4-NA-3,Jen3-5-4-NA,Jen3-5-4-NA-3,Jen3-5-4-NA-3,0.061156,PA,a77f76d0-4d14-44ad-bcdc-7762567afe25,035e939a-269a-46c1-8c6d-c83a1f3cbb1f
Hart-A-1,Hart-A,Hart-A-1,Hart-A-1,0.062162,PA,e791a45b-5d64-4bd8-af78-0bffc15b63a7,035e939a-269a-46c1-8c6d-c83a1f3cbb1f
Jen3-5-4-A-2,Jen3-5-4-A,Jen3-5-4-A-2,Jen3-5-4-A-2,0.062918,PA,3456fa96-125f-4152-8990-205370ffce0f,035e939a-269a-46c1-8c6d-c83a1f3cbb1f
Jen3,Jen3,Jen3,Jen3,0.063985,PA,510efc59-2ea8-45dc-b69e-6c27cab78484,035e939a-269a-46c1-8c6d-c83a1f3cbb1f
Wheel-NA-3,Wheel-NA,Wheel-NA-3,Wheel-NA-3,0.065347,PA,550c9b50-70f4-484e-8b89-54aa00e327e3,035e939a-269a-46c1-8c6d-c83a1f3cbb1f
Korte-NA-1,Korte-NA,Korte-NA-1,Korte-NA-1,0.066326,PA,64194f42-dee9-4365-8fe5-12866b39288d,035e939a-269a-46c1-8c6d-c83a1f3cbb1f
W34_3,W34,173409D,173409D,0.066919,PA,822b91bc-c8d6-4551-a234-549065e70a2a,fb7724e2-2191-4084-be6e-5ee124245744
MD3_5,MD3,173313D,173313D,0.067033,PA,1a487a02-46f0-4c67-a6be-748334e2dffb,fb7724e2-2191-4084-be6e-5ee124245744
RL2_2,RL2,173344D,173344D,0.067272,PA,91811342-c3ca-4646-80f5-4165a26ad960,fb7724e2-2191-4084-be6e-5ee124245744
Hart-NA-2,Hart-NA,Hart-NA-2,Hart-NA-2,0.068308,PA,f53be65f-bb34-4d4f-b227-b493bfaab3cb,035e939a-269a-46c1-8c6d-c83a1f3cbb1f
MD3_4,MD3,173312D,173312D,0.068316,PA,212fabf4-2e6e-454a-8fc6-37f9f081f17d,fb7724e2-2191-4084-be6e-5ee124245744
FR1-Chen-A-1,FR1-Chen-A,FR1-Chen-A-1,FR1-Chen-A-1,0.070503,PA,417f3c8b-1d2d-43ef-9052-d7af929c537d,035e939a-269a-46c1-8c6d-c83a1f3cbb1f
CarnsA13-1-39809406,CarnsA13-1-39809406,CarnsA13-1-39809406,CarnsA13-1-39809406,0.071288,PA,eb8d5934-a3de-4d1d-bf70-4632811509f0,035e939a-269a-46c1-8c6d-c83a1f3cbb1f
Jen3-Em-A-2,Jen3-Em-A,Jen3-Em-A-2,Jen3-Em-A-2,0.071715,PA,98f26e49-4f39-4b8b-8739-1b7fa1e22ef7,035e939a-269a-46c1-8c6d-c83a1f3cbb1f
RL2_3,RL2,173342D,173342D,0.07326,PA,ec67af0e-c43c-4a02-9a1f-cfc613f43df1,fb7724e2-2191-4084-be6e-5ee124245744
RL4_2,RL4,171288D,171288D,0.074718,PA,158eb748-6f96-4d63-a028-79810b687520,fb7724e2-2191-4084-be6e-5ee124245744
Hart-NA-3,Hart-NA,Hart-NA-3,Hart-NA-3,0.075144,PA,1e61b573-6a0d-418b-94ad-e82b10d0db5e,035e939a-269a-46c1-8c6d-c83a1f3cbb1f
RL4_1,RL4,171287D,171287D,0.075462,PA,25dccafe-9ff5-4fee-a9dd-6e113f28e83c,fb7724e2-2191-4084-be6e-5ee124245744
PA9_2,PA9,171292D,171292D,0.076055,PA,7ae54ba4-f332-44ef-a17b-b0d043c29d89,fb7724e2-2191-4084-be6e-5ee124245744
RL3_5,RL3,173318D,173318D,0.076659,PA,53013170-f91a-4663-ac1b-a1fe7a4dfaba,fb7724e2-2191-4084-be6e-5ee124245744
Korte-NA-2,Korte-NA,Korte-NA-2,Korte-NA-2,0.078633,PA,9496a21e-ca86-46eb-a72b-5a9f503876ce,035e939a-269a-46c1-8c6d-c83a1f3cbb1f
Bonn-A-1,Bonn-A,Bonn-A-1,Bonn-A-1,0.07873,PA,3f808b76-0c82-4c0e-9598-a70b138faf81,035e939a-269a-46c1-8c6d-c83a1f3cbb1f
RL1_4,RL1,173301D,173301D,0.080451,PA,3b1a1114-2bd6-43e1-bfc6-f4a67042851c,fb7724e2-2191-4084-be6e-5ee124245744
MD3_2,MD3,173310D,173310D,0.080468,PA,f24ee046-8197-46ab-84a2-463307ec129e,fb7724e2-2191-4084-be6e-5ee124245744
Bonn-A-2,Bonn-A,Bonn-A-2,Bonn-A-2,0.083882,PA,918f9e47-6154-41a7-b9c0-f076f57e8ddb,035e939a-269a-46c1-8c6d-c83a1f3cbb1f
RL3_2,RL3,173315D,173315D,0.084354,PA,e4fea156-5952-4ce6-a3da-89f310bca87d,fb7724e2-2191-4084-be6e-5ee124245744
RL4_5,RL4,171285D,171285D,0.086427,PA,5424fa28-ecef-48d7-9f64-21ba0c877b1a,fb7724e2-2191-4084-be6e-5ee124245744
Jen3-Em-NA-1,Jen3-Em-NA,Jen3-Em-NA-1,Jen3-Em-NA-1,0.087482,PA,ecb25839-c1bc-489e-a185-f76f6aae82f8,035e939a-269a-46c1-8c6d-c83a1f3cbb1f
Wheel-NA-2,Wheel-NA,Wheel-NA-2,Wheel-NA-2,0.089039,PA,171cac89-81d5-49cf-8b66-0ec0a13ae13a,035e939a-269a-46c1-8c6d-c83a1f3cbb1f
MD3_1,MD3,173309D,173309D,0.08949,PA,143dda93-d001-46aa-8f3f-33cc998677e9,fb7724e2-2191-4084-be6e-5ee124245744
RL1_5,RL1,173304D,173304D,0.089612,PA,d7a32f8f-b6a2-4fab-844a-7cfa0dc3f712,fb7724e2-2191-4084-be6e-5ee124245744
RL2_5,RL2,173338D,173338D,0.091198,PA,40849f70-94e1-45ad-9816-48d4253ba418,fb7724e2-2191-4084-be6e-5ee124245744
Bonn-NA-1,Bonn-NA,Bonn-NA-1,Bonn-NA-1,0.092408,PA,437a1236-d9d8-4b88-9d4c-d18678c49af2,035e939a-269a-46c1-8c6d-c83a1f3cbb1f
RL4_4,RL4,171283D,171283D,0.092685,PA,0e8328a2-b516-4a2b-ae1e-6f1e78d22ae7,fb7724e2-2191-4084-be6e-5ee124245744
RL4_3,RL4,171286D,171286D,0.093067,PA,f10d1b13-e34d-427d-a453-044b4db86d58,fb7724e2-2191-4084-be6e-5ee124245744
Korte-A-3,Korte-A,Korte-A-3,Korte-A-3,0.096114,PA,f2997db8-ca18-445b-9c3b-c6c7240fb5b3,035e939a-269a-46c1-8c6d-c83a1f3cbb1f
AIR1-NA-1,AIR1-NA,AIR1-NA-1,AIR1-NA-1,0.096972,PA,4e5f4952-c1ef-41d8-9541-041957266ec3,035e939a-269a-46c1-8c6d-c83a1f3cbb1f
Jen3-Em-A-3,Jen3-Em-A,Jen3-Em-A-3,Jen3-Em-A-3,0.09998,PA,4c37d6ab-d2cc-4b62-8e7d-e4e82819380b,035e939a-269a-46c1-8c6d-c83a1f3cbb1f
WKS3-NA-3,WKS3-NA,WKS3-NA-3,WKS3-NA-3,0.101166,PA,4d24f593-c064-4c06-b9bb-ad9bcb569561,035e939a-269a-46c1-8c6d-c83a1f3cbb1f
RL3_1,RL3,173314D,173314D,0.1029,PA,b92b6e57-7f21-4d61-8403-3013c75fdb5c,fb7724e2-2191-4084-be6e-5ee124245744
Jen3-5-4-A-3,Jen3-5-4-A,Jen3-5-4-A-3,Jen3-5-4-A-3,0.102905,PA,7d3d27a1-f708-42cc-a5e4-dca5c15e4ce4,035e939a-269a-46c1-8c6d-c83a1f3cbb1f
Bonn-A-3,Bonn-A,Bonn-A-3,Bonn-A-3,0.103402,PA,13fceda4-a1ea-40ce-b109-75fe0dc05c04,035e939a-269a-46c1-8c6d-c83a1f3cbb1f
AbeggNA-3-39809420,AbeggNA-3-39809420,AbeggNA-3-39809420,AbeggNA-3-39809420,0.103677,PA,f29c3f10-efad-4710-8732-14c60ca22c73,035e939a-269a-46c1-8c6d-c83a1f3cbb1f
Bonn-NA-2,Bonn-NA,Bonn-NA-2,Bonn-NA-2,0.106232,PA,a47655f3-78e4-43d3-82a0-a37fbd40108a,035e939a-269a-46c1-8c6d-c83a1f3cbb1f
AbeggNA-1-39809418,AbeggNA-1-39809418,AbeggNA-1-39809418,AbeggNA-1-39809418,0.106414,PA,d0ad011f-bcd3-44a2-89f5-c56c6b0c6a73,035e939a-269a-46c1-8c6d-c83a1f3cbb1f
AbeggNA-2-39809419,AbeggNA-2-39809419,AbeggNA-2-39809419,AbeggNA-2-39809419,0.109679,PA,e8f447ea-9e99-4acb-b576-a26d6a886bba,035e939a-269a-46c1-8c6d-c83a1f3cbb1f
Cesar-A-3,Cesar-A,Cesar-A-3,Cesar-A-3,0.109986,PA,54b41e59-68c0-4fb9-a675-e05b11c70049,035e939a-269a-46c1-8c6d-c83a1f3cbb1f
RL5_2,RL5,173319D,173319D,0.114429,PA,59b17fb3-f3f1-4aa7-8d6e-47923921c7cb,fb7724e2-2191-4084-be6e-5ee124245744
RL5_5,RL5,173324D,173324D,0.118259,PA,5cb0eb40-f0be-4585-b705-b4c0dc83a594,fb7724e2-2191-4084-be6e-5ee124245744
RL5_4,RL5,173321D,173321D,0.124955,PA,ac22f72a-30f5-4ed4-906f-b3d33daedbe4,fb7724e2-2191-4084-be6e-5ee124245744
FR1,FR1,FR1,FR1,0.127981,PA,22ddb25c-aba9-4ebb-8277-d1d88dc62989,035e939a-269a-46c1-8c6d-c83a1f3cbb1f
RL3_4,RL3,173317D,173317D,0.128424,PA,fda91c33-e04c-4931-965a-18527700c7c8,fb7724e2-2191-4084-be6e-5ee124245744
RL1_1,RL1,171300D,171300D,0.129987,PA,0b68d717-d61f-4835-859a-d9318be3b1a8,fb7724e2-2191-4084-be6e-5ee124245744
FR1-Gra-A-3,FR1-Gra-A,FR1-Gra-A-3,FR1-Gra-A-3,0.146282,PA,5ab3b5b3-26f1-4dd9-afeb-3eb5b43993a8,035e939a-269a-46c1-8c6d-c83a1f3cbb1f
00502Q-1A-A-1,00502Q-1A-A,00502Q-1A-A-1,00502Q-1A-A-1,0.147192,PA,ccd56ae5-d656-4a6b-a93b-3cd73459d211,035e939a-269a-46c1-8c6d-c83a1f3cbb1f
FR1-Gra-A-2,FR1-Gra-A,FR1-Gra-A-2,FR1-Gra-A-2,0.150059,PA,1cfb5bbf-57a9-4435-9197-82ad939379d8,035e939a-269a-46c1-8c6d-c83a1f3cbb1f
Hart-NA-1,Hart-NA,Hart-NA-1,Hart-NA-1,0.153389,PA,9a08ff0c-96e4-40b8-83a7-8cb8c62835b5,035e939a-269a-46c1-8c6d-c83a1f3cbb1f
00502Q-1A-A-2,00502Q-1A-A,00502Q-1A-A-2,00502Q-1A-A-2,0.157429,PA,63feee51-7bb1-47f3-b844-9e749145f9fb,035e939a-269a-46c1-8c6d-c83a1f3cbb1f
RL5_1,RL5,173320D,173320D,0.167807,PA,3a54a301-6d4c-4be6-8992-f417ce0b9acd,fb7724e2-2191-4084-be6e-5ee124245744
Cesar-A-2,Cesar-A,Cesar-A-2,Cesar-A-2,0.177774,PA,c9ffe603-c212-4c89-bdd1-9c65fad1581b,035e939a-269a-46c1-8c6d-c83a1f3cbb1f
00502Q-1C-NA-3,00502Q-1C-NA,00502Q-1C-NA-3,00502Q-1C-NA-3,0.18155,PA,8c8a0fbc-cee7-4a91-9e69-343ccba56f20,035e939a-269a-46c1-8c6d-c83a1f3cbb1f
RL1_3,RL1,173302D,173302D,0.199551,PA,7ec38971-510e-4961-bc5a-9cd4d9ffc024,fb7724e2-2191-4084-be6e-5ee124245744
Cesar-A-1,Cesar-A,Cesar-A-1,Cesar-A-1,0.204944,PA,2db09ca7-4ec2-4d0a-9587-fb94310ec843,035e939a-269a-46c1-8c6d-c83a1f3cbb1f
Hart-A-2,Hart-A,Hart-A-2,Hart-A-2,0.222311,PA,0311a980-7951-44a2-8e73-30c8dba8bb89,035e939a-269a-46c1-8c6d-c83a1f3cbb1f
00502Q-1C-NA-2,00502Q-1C-NA,00502Q-1C-NA-2,00502Q-1C-NA-2,0.257512,PA,e9fd450f-ac51-421e-be75-2f8fe8018d57,035e939a-269a-46c1-8c6d-c83a1f3cbb1f
Air3-A-2,Air3-A,Air3-A-2,Air3-A-2,0.261543,PA,601b2d1d-f623-4c48-a1b4-a2f7aefd9357,035e939a-269a-46c1-8c6d-c83a1f3cbb1f
Air3-A-1,Air3-A,Air3-A-1,Air3-A-1,0.278443,PA,80638524-1c40-4521-8bbd-7b7f4e1cdca2,035e939a-269a-46c1-8c6d-c83a1f3cbb1f
AIR2-A-2,AIR2-A,AIR2-A-2,AIR2-A-2,0.290233,PA,98a30885-662b-46e6-a30f-17dbdcbf27f9,035e939a-269a-46c1-8c6d-c83a1f3cbb1f
AIR2-A-3,AIR2-A,AIR2-A-3,AIR2-A-3,0.336131,PA,bb95bd5e-fcac-4cec-af5a-a1c7cf6c9520,035e939a-269a-46c1-8c6d-c83a1f3cbb1f
Air3-A-3,Air3-A,Air3-A-3,Air3-A-3,0.388023,PA,5eb5fa9c-d744-43b9-9800-3e1c46f5ba5e,035e939a-269a-46c1-8c6d-c83a1f3cbb1f
AIR2-A-1,AIR2-A,AIR2-A-1,AIR2-A-1,0.395046,PA,36579f60-78f6-4b3a-8e04-a2710a76a3bd,035e939a-269a-46c1-8c6d-c83a1f3cbb1f
D14-2021,D14-2021,D14-2021,D14-2021,1e-05,TX,eda079a3-878a-4ae6-ba47-ea341d21e693,67b9c7e7-7c6a-4cca-b395-13add823baed
D17-2021,D17-2021,D17-2021,D17-2021,1e-05,TX,285371a5-7085-4fa7-a484-86441af010cc,67b9c7e7-7c6a-4cca-b395-13add823baed
D18-2021,D18-2021,D18-2021,D18-2021,1e-05,TX,ce712d96-3f64-4c60-9acc-fc20035bca0e,67b9c7e7-7c6a-4cca-b395-13add823baed
D22-2021,D22-2021,D22-2021,D22-2021,1e-05,TX,195dedd0-2246-453f-a37c-d1122cb9fe01,67b9c7e7-7c6a-4cca-b395-13add823baed
D3-2022,D3-2022,D3-2022,D3-2022,1e-05,TX,3437bfa8-076b-4995-9ffc-19e9c2eeb2e6,67b9c7e7-7c6a-4cca-b395-13add823baed
D4-2022,D4-2022,D4-2022,D4-2022,1e-05,TX,805de0c0-e9ad-4430-9d61-3ccb7ed37138,67b9c7e7-7c6a-4cca-b395-13add823baed
D21-2021,D21-2021,D21-2021,D21-2021,0.000286,TX,719f2977-80ff-4d85-af5b-06a235d70c92,67b9c7e7-7c6a-4cca-b395-13add823baed
D15-2021,D15-2021,D15-2021,D15-2021,0.008283,TX,aff4ef6c-2463-433f-be3c-29967e5c1fe5,67b9c7e7-7c6a-4cca-b395-13add823baed
D16-2021,D16-2021,D16-2021,D16-2021,0.012715,TX,095e8989-83f8-4921-b954-c755fc430ab6,67b9c7e7-7c6a-4cca-b395-13add823baed
D12-2021,D12-2021,D12-2021,D12-2021,0.104857,TX,c1e06d2c-eae0-4279-9b95-8436f90bbb32,67b9c7e7-7c6a-4cca-b395-13add823baed
D6-2022,D6-2022,D6-2022,D6-2022,0.188226,TX,10cae7e3-b025-415a-bb22-0c6d63a75ed6,67b9c7e7-7c6a-4cca-b395-13add823baed
D8-2022,D8-2022,D8-2022,D8-2022,0.24627,TX,22efeddf-ca70-4317-bd0c-3f158d9d8764,67b9c7e7-7c6a-4cca-b395-13add823baed
D2-2022,D2-2022,D2-2022,D2-2022,0.277015,TX,f0fc6568-2b45-4827-9f52-46e126553cf2,67b9c7e7-7c6a-4cca-b395-13add823baed
D14-2022,D14-2022,D14-2022,D14-2022,0.290853,TX,4c238a8b-d4e9-487f-9487-080f3cb0e6e7,67b9c7e7-7c6a-4cca-b395-13add823baed
D1-2022,D1-2022,D1-2022,D1-2022,0.306335,TX,56ceff39-f81f-42f7-930a-1a8130330c31,67b9c7e7-7c6a-4cca-b395-13add823baed
D4-2021,D4-2021,D4-2021,D4-2021,0.320378,TX,62cd2ad3-8224-45a4-b0b9-a143728b2f4a,67b9c7e7-7c6a-4cca-b395-13add823baed
D13-2022,D13-2022,D13-2022,D13-2022,0.322473,TX,99f39011-521b-4a00-b039-af44bb121bf7,67b9c7e7-7c6a-4cca-b395-13add823baed
D5-2022,D5-2022,D5-2022,D5-2022,0.326882,TX,08157e9b-62a9-4b8e-93ad-0ff2d575485a,67b9c7e7-7c6a-4cca-b395-13add823baed
D8-2021,D8-2021,D8-2021,D8-2021,0.355953,TX,8b69fdda-3a5a-4a66-80da-22d84a9a0428,67b9c7e7-7c6a-4cca-b395-13add823baed
D9-2022,D9-2022,D9-2022,D9-2022,0.356169,TX,1877c0d0-16d5-466d-9f1d-77fee3888dab,67b9c7e7-7c6a-4cca-b395-13add823baed
D7-2022,D7-2022,D7-2022,D7-2022,0.360204,TX,44d60bda-6305-4932-8236-41ce2b6acaf2,67b9c7e7-7c6a-4cca-b395-13add823baed
D9-2021,D9-2021,D9-2021,D9-2021,0.363105,TX,c714a625-b198-4788-9473-daf0fb5008b6,67b9c7e7-7c6a-4cca-b395-13add823baed
D19-2021,D19-2021,D19-2021,D19-2021,0.370485,TX,20bc3085-3b19-45bc-85cb-8d45f80efe6c,67b9c7e7-7c6a-4cca-b395-13add823baed
D11-2022,D11-2022,D11-2022,D11-2022,0.379618,TX,b84b079e-dc88-4ae2-92d1-906c954a9e50,67b9c7e7-7c6a-4cca-b395-13add823baed
D20-2021,D20-2021,D20-2021,D20-2021,0.408173,TX,0a892373-9feb-473a-a3f9-2739433905f6,67b9c7e7-7c6a-4cca-b395-13add823baed
D11-2021,D11-2021,D11-2021,D11-2021,0.41739,TX,0c517229-6eaf-4fde-8502-47191604c6b7,67b9c7e7-7c6a-4cca-b395-13add823baed
D13-2021,D13-2021,D13-2021,D13-2021,0.43121,TX,ecdd298f-0b5a-4493-b967-7f700ea837e1,67b9c7e7-7c6a-4cca-b395-13add823baed
403-2016,403-2016,403-2016,403-2016,0.52153,TX,4a6a3352-3283-4ac8-a561-3c75f90695ef,67b9c7e7-7c6a-4cca-b395-13add823baed
60-2016,60-2016,60-2016,60-2016,0.525337,TX,3c9a893a-2813-467d-879d-24be513558a2,67b9c7e7-7c6a-4cca-b395-13add823baed
703-2016,703-2016,703-2016,703-2016,0.535282,TX,1e77df44-0b46-4dbb-9d74-879ee4f28aaa,67b9c7e7-7c6a-4cca-b395-13add823baed
D15-2022,D15-2022,D15-2022,D15-2022,0.552973,TX,c043b074-de13-4e14-866b-d677686ba7ba,67b9c7e7-7c6a-4cca-b395-13add823baed
385-2016,385-2016,385-2016,385-2016,0.556273,TX,578955a4-ca7a-4d55-9dde-35301f7d553c,67b9c7e7-7c6a-4cca-b395-13add823baed
381-2016,381-2016,381-2016,381-2016,0.564386,TX,bfe02616-0c58-4ca1-912a-d74c12e168af,67b9c7e7-7c6a-4cca-b395-13add823baed
383-2016,383-2016,383-2016,383-2016,0.565902,TX,3de2ee7f-e028-40e2-a67c-d3faa4d1cee7,67b9c7e7-7c6a-4cca-b395-13add823baed
D16-2022,D16-2022,D16-2022,D16-2022,0.569048,TX,4df163bf-13cf-45b5-b082-85fdab7bd711,67b9c7e7-7c6a-4cca-b395-13add823baed
D17-2022,D17-2022,D17-2022,D17-2022,0.569958,TX,aac65962-86ad-4e23-b195-26d357e346c0,67b9c7e7-7c6a-4cca-b395-13add823baed
425-2022,425-2022,425-2022,425-2022,0.571226,TX,d9a69111-6b81-44da-b272-53896d951874,67b9c7e7-7c6a-4cca-b395-13add823baed
370-2016,370-2016,370-2016,370-2016,0.572072,TX,d8967866-b2db-4683-bc61-495f2b72df4c,67b9c7e7-7c6a-4cca-b395-13add823baed
357-2016,357-2016,357-2016,357-2016,0.573373,TX,77d72c90-e1ed-41b5-9276-f5b0ca11db7e,67b9c7e7-7c6a-4cca-b395-13add823baed
404-2022,404-2022,404-2022,404-2022,0.576171,TX,4b40adf4-f24f-4f15-bb49-34a4a3c7b705,67b9c7e7-7c6a-4cca-b395-13add823baed
394-2022,394-2022,394-2022,394-2022,0.576374,TX,bcec8db7-3fe7-42e5-a3de-435cf728252a,67b9c7e7-7c6a-4cca-b395-13add823baed
383-2022,383-2022,383-2022,383-2022,0.577825,TX,1fb51efd-dbd5-4aca-8835-174c40b69f08,67b9c7e7-7c6a-4cca-b395-13add823baed
404-2016,404-2016,404-2016,404-2016,0.578271,TX,0ed3e64c-c100-41f7-9de4-11eedd11969f,67b9c7e7-7c6a-4cca-b395-13add823baed
95-2022,95-2022,95-2022,95-2022,0.580526,TX,92247e23-c681-4795-8884-0cc81a25686b,67b9c7e7-7c6a-4cca-b395-13add823baed
721-2022,721-2022,721-2022,721-2022,0.582103,TX,19916eaf-a3b0-4d98-8c5e-47d1a39d7e57,67b9c7e7-7c6a-4cca-b395-13add823baed
T2-2022,T2-2022,T2-2022,T2-2022,0.582904,TX,34480416-4a3e-4441-93d2-d59ee92d809c,67b9c7e7-7c6a-4cca-b395-13add823baed
D2-2021,D2-2021,D2-2021,D2-2021,0.584454,TX,cd2d3309-7480-48b3-85c7-e0021d5b88ae,67b9c7e7-7c6a-4cca-b395-13add823baed
435-2022,435-2022,435-2022,435-2022,0.584682,TX,b45d67b3-267b-42b3-bd97-91b8a961833c,67b9c7e7-7c6a-4cca-b395-13add823baed
721-2021,721-2021,721-2021,721-2021,0.584812,TX,c4ad4697-5ece-44a2-b1e7-05533edb5f2a,67b9c7e7-7c6a-4cca-b395-13add823baed
435-2016,435-2016,435-2016,435-2016,0.58685,TX,6f4b07b2-e4c4-47fd-b9fa-ad575b75a095,67b9c7e7-7c6a-4cca-b395-13add823baed
T1-2022,T1-2022,T1-2022,T1-2022,0.587282,TX,c664f301-41e0-4792-80cc-7a1b0a465c85,67b9c7e7-7c6a-4cca-b395-13add823baed
D6-2021,D6-2021,D6-2021,D6-2021,0.590903,TX,6074cca9-b811-46ad-9db6-ed025e463778,67b9c7e7-7c6a-4cca-b395-13add823baed
357-2022,357-2022,357-2022,357-2022,0.595571,TX,883ae003-e219-404c-8982-fc8392512c83,67b9c7e7-7c6a-4cca-b395-13add823baed
60-2022,60-2022,60-2022,60-2022,0.600406,TX,44ac2c0a-6d8f-473b-add2-643dd705682b,67b9c7e7-7c6a-4cca-b395-13add823baed
703-2022,703-2022,703-2022,703-2022,0.600655,TX,0b846ded-34f9-4429-9a02-30036a7a8e6a,67b9c7e7-7c6a-4cca-b395-13add823baed
383-2021,383-2021,383-2021,383-2021,0.604345,TX,610e0a0c-cccb-4040-8260-3c3a672236ca,67b9c7e7-7c6a-4cca-b395-13add823baed
704-2021,704-2021,704-2021,704-2021,0.606304,TX,c751beb3-d8af-4e00-83bb-ff5d7d66656a,67b9c7e7-7c6a-4cca-b395-13add823baed
95-2021,95-2021,95-2021,95-2021,0.606844,TX,87434fdd-871f-4cbf-9ca2-9ab57aff47d8,67b9c7e7-7c6a-4cca-b395-13add823baed
394-2021,394-2021,394-2021,394-2021,0.607502,TX,93be9f3f-313a-4390-b4b4-75891962035d,67b9c7e7-7c6a-4cca-b395-13add823baed
379-2021,379-2021,379-2021,379-2021,0.610384,TX,c60f4e0c-b878-42ae-8aed-99b1d2ae66e1,67b9c7e7-7c6a-4cca-b395-13add823baed
362-2021,362-2021,362-2021,362-2021,0.613175,TX,0c96d701-7009-4413-8768-8c18847d65af,67b9c7e7-7c6a-4cca-b395-13add823baed
428-2016,428-2016,428-2016,428-2016,0.613842,TX,0a9da541-ca21-44ff-8f5b-8abcc0d565c5,67b9c7e7-7c6a-4cca-b395-13add823baed
D7-2021,D7-2021,D7-2021,D7-2021,0.616992,TX,a006e0cb-3b51-431a-ac27-819eb76d1d6b,67b9c7e7-7c6a-4cca-b395-13add823baed
435-2021,435-2021,435-2021,435-2021,0.617649,TX,0a1cff70-bf40-48eb-83cf-a13a309daf8e,67b9c7e7-7c6a-4cca-b395-13add823baed
381-2022,381-2022,381-2022,381-2022,0.61898,TX,a795f581-09c9-4b93-8a62-28964e9afbce,67b9c7e7-7c6a-4cca-b395-13add823baed
379-2016,379-2016,379-2016,379-2016,0.622538,TX,9bbe4cf9-8c07-43bf-ac35-468650ab0096,67b9c7e7-7c6a-4cca-b395-13add823baed
D1-2021,D1-2021,D1-2021,D1-2021,0.62312,TX,91218e2b-f104-418a-b210-44175842464a,67b9c7e7-7c6a-4cca-b395-13add823baed
T2-2021,T2-2021,T2-2021,T2-2021,0.624482,TX,41c5308b-4a12-4fc6-9b44-6f79b7f9715f,67b9c7e7-7c6a-4cca-b395-13add823baed
407-2016,407-2016,407-2016,407-2016,0.624805,TX,0e7b6a90-245e-4c21-998f-74280f58d3cb,67b9c7e7-7c6a-4cca-b395-13add823baed
379-2022,379-2022,379-2022,379-2022,0.627606,TX,268c7b70-1777-40e7-8431-083f5b3e5c26,67b9c7e7-7c6a-4cca-b395-13add823baed
381-2021,381-2021,381-2021,381-2021,0.628702,TX,d36a942e-1a01-47ff-a6aa-3e540640aae4,67b9c7e7-7c6a-4cca-b395-13add823baed
393-2016,393-2016,393-2016,393-2016,0.629443,TX,ca8acd99-17f5-4f3c-ab2c-3f8bcda19789,67b9c7e7-7c6a-4cca-b395-13add823baed
703-2021,703-2021,703-2021,703-2021,0.630231,TX,41e1f31b-e25f-4ae9-b2a8-9284f0024422,67b9c7e7-7c6a-4cca-b395-13add823baed
301-2016,301-2016,301-2016,301-2016,0.631001,TX,b3323dc8-549a-4ccc-9e40-f9bbc38025a6,67b9c7e7-7c6a-4cca-b395-13add823baed
404-2021,404-2021,404-2021,404-2021,0.631129,TX,71bc1fc6-d8ac-403b-adef-b47aa24bfa8b,67b9c7e7-7c6a-4cca-b395-13add823baed
501-2016,501-2016,501-2016,501-2016,0.632657,TX,8d1a7fe7-7081-47a1-ba6a-d0f5e56b2b58,67b9c7e7-7c6a-4cca-b395-13add823baed
T1-2021,T1-2021,T1-2021,T1-2021,0.632962,TX,52ff2af3-8d4e-4c04-a771-d7c6a75cfa2f,67b9c7e7-7c6a-4cca-b395-13add823baed
517-2022,517-2022,517-2022,517-2022,0.636017,TX,84f211b5-7135-4b7f-9a77-68d336caf0cf,67b9c7e7-7c6a-4cca-b395-13add823baed
366-2016,366-2016,366-2016,366-2016,0.636523,TX,c8ce651a-868e-4dd1-9624-3a7771dac8f5,67b9c7e7-7c6a-4cca-b395-13add823baed
517-2021,517-2021,517-2021,517-2021,0.637127,TX,ebd5a511-eb58-41d4-9311-d80d4a1a7edf,67b9c7e7-7c6a-4cca-b395-13add823baed
357-2021,357-2021,357-2021,357-2021,0.637262,TX,94f133c6-25c0-4945-820d-8d3a81907406,67b9c7e7-7c6a-4cca-b395-13add823baed
384-2022,384-2022,384-2022,384-2022,0.63846,TX,05c116f4-ccf3-4dca-9f57-46d68f7c7a13,67b9c7e7-7c6a-4cca-b395-13add823baed
704-2022,704-2022,704-2022,704-2022,0.640832,TX,188a8439-63ae-4ab5-970b-952669cc6782,67b9c7e7-7c6a-4cca-b395-13add823baed
301-2022,301-2022,301-2022,301-2022,0.644506,TX,1f475d0d-5bc9-4afd-a34f-87bf11df6ad3,67b9c7e7-7c6a-4cca-b395-13add823baed
396-2016,396-2016,396-2016,396-2016,0.645278,TX,d3eb05f2-8ff3-4bc8-8b4b-90ddce2d96fb,67b9c7e7-7c6a-4cca-b395-13add823baed
427-2021,427-2021,427-2021,427-2021,0.646422,TX,703796b4-9b53-44a4-8297-5545b26fb61d,67b9c7e7-7c6a-4cca-b395-13add823baed
60-2021,60-2021,60-2021,60-2021,0.648444,TX,d77b1fcb-c25c-40be-9524-9595b1575692,67b9c7e7-7c6a-4cca-b395-13add823baed
384-2016,384-2016,384-2016,384-2016,0.648574,TX,d30162f2-7e59-40f9-9061-49b3f30a9d36,67b9c7e7-7c6a-4cca-b395-13add823baed
D3-2021,D3-2021,D3-2021,D3-2021,0.6541,TX,0d2427a5-e45f-4518-b52a-047727041a4c,67b9c7e7-7c6a-4cca-b395-13add823baed
83-2016,83-2016,83-2016,83-2016,0.654658,TX,4c4af7bf-60c0-4840-a442-b8a553512173,67b9c7e7-7c6a-4cca-b395-13add823baed
384-2021,384-2021,384-2021,384-2021,0.65652,TX,214d4d6b-17c8-4e81-bd55-da4d54374385,67b9c7e7-7c6a-4cca-b395-13add823baed
D10-2022,D10-2022,D10-2022,D10-2022,0.657825,TX,528c8210-1e5d-400c-b845-d6346be584f4,67b9c7e7-7c6a-4cca-b395-13add823baed
427-2022,427-2022,427-2022,427-2022,0.663924,TX,0b4d0bb9-8cfc-49e8-9162-036a84366836,67b9c7e7-7c6a-4cca-b395-13add823baed
427-2016,427-2016,427-2016,427-2016,0.679116,TX,54c0b1b1-0d09-4087-83bf-ee9267e35bb1,67b9c7e7-7c6a-4cca-b395-13add823baed
301-2021,301-2021,301-2021,301-2021,0.688527,TX,f0b39944-1b0e-40eb-9be6-eece4d7fb74c,67b9c7e7-7c6a-4cca-b395-13add823baed
D5-2021,D5-2021,D5-2021,D5-2021,0.696761,TX,cc04b3bc-70a6-4b3e-8cc6-98ba2e2b936c,67b9c7e7-7c6a-4cca-b395-13add823baed
D12-2022,D12-2022,D12-2022,D12-2022,0.7277,TX,4efa8923-55b4-4416-a1c7-6a5e3a4cf27c,67b9c7e7-7c6a-4cca-b395-13add823baed
